paper_spec,model,paper,workflow_state,final_CG,final_REA,source_resolution,relative_dot_path,sha256,bytes,nodes,edges,root,dot_parseable,strict_structure_ok
claude_sonnet_4_5_20250929:s41467-025-55907-w,claude_sonnet_4_5_20250929,s41467-025-55907-w,current_version,1.0,1.0,materialized_curated_relocation,dot/claude_sonnet_4_5_20250929/s41467-025-55907-w.dot,ef8dc21720304036968c9418e46354e0bae952653fbca801c11aff754b3e86cd,9476,43,43,NROOT,true,true
claude_sonnet_4_5_20250929:s41467-025-55999-4,claude_sonnet_4_5_20250929,s41467-025-55999-4,current_version,1.0,1.0,materialized_curated_relocation,dot/claude_sonnet_4_5_20250929/s41467-025-55999-4.dot,1efa4b92cffa2546ef715a8a8f5709ad4aad7e5c6e23dd9df5bb6dd3951bb3a8,5208,21,20,NROOT,true,true
claude_sonnet_4_5_20250929:s41467-025-56034-2,claude_sonnet_4_5_20250929,s41467-025-56034-2,current_version,1.0,1.0,direct,dot/claude_sonnet_4_5_20250929/s41467-025-56034-2.dot,8f96c14d772754c650bb2ee9313e62abf6f254057ee0a35913f080677d0d483d,7464,30,29,NROOT,true,true
claude_sonnet_4_5_20250929:s41467-025-56075-7,claude_sonnet_4_5_20250929,s41467-025-56075-7,current_version,1.0,1.0,direct,dot/claude_sonnet_4_5_20250929/s41467-025-56075-7.dot,3c5d5739813f1b1985118e1a611b4183efc184cca3ef5624f28d41bc5fa5fe0a,2838,16,15,NROOT,true,true
claude_sonnet_4_5_20250929:s41467-025-56106-3,claude_sonnet_4_5_20250929,s41467-025-56106-3,current_version,1.0,1.0,materialized_curated_relocation,dot/claude_sonnet_4_5_20250929/s41467-025-56106-3.dot,8505a12fd96ea61b884e38b5e60704fb2f1133079b06091a3487d3f9c20e15fd,8276,42,43,NROOT,true,true
claude_sonnet_4_5_20250929:s41467-025-56250-w,claude_sonnet_4_5_20250929,s41467-025-56250-w,current_version,1.0,1.0,materialized_curated_relocation,dot/claude_sonnet_4_5_20250929/s41467-025-56250-w.dot,b58f651b37c1a5d1ae542ffce5c29002e03eb182f1c47b69a2b530b8938844af,5102,22,21,NROOT,true,true
claude_sonnet_4_5_20250929:s41467-025-56283-1,claude_sonnet_4_5_20250929,s41467-025-56283-1,current_version,1.0,1.0,direct,dot/claude_sonnet_4_5_20250929/s41467-025-56283-1.dot,b2719adccc98f755df86ac4eba3ebe083e4c6d4fb003d8d91b36c94f112b91d5,6073,23,26,NROOT,true,true
claude_sonnet_4_5_20250929:s41467-025-56295-x,claude_sonnet_4_5_20250929,s41467-025-56295-x,current_version,1.0,1.0,materialized_curated_relocation,dot/claude_sonnet_4_5_20250929/s41467-025-56295-x.dot,554a4b31703fd95ced5fb8f3056c08d073202a44ebca716b590893980c830ba9,8293,42,43,NROOT,true,true
claude_sonnet_4_5_20250929:s41467-025-56359-y,claude_sonnet_4_5_20250929,s41467-025-56359-y,current_version,1.0,1.0,materialized_curated_relocation,dot/claude_sonnet_4_5_20250929/s41467-025-56359-y.dot,4cc336284085f5133b87dbc1a35f2bccaa6628f69797dcabd4caf5e1c4222176,7153,32,34,NROOT,true,true
claude_sonnet_4_5_20250929:s41467-025-56394-9,claude_sonnet_4_5_20250929,s41467-025-56394-9,current_version,1.0,1.0,materialized_curated_relocation,dot/claude_sonnet_4_5_20250929/s41467-025-56394-9.dot,6b3f78a264394a8795f49248b962cf3a51dc77b34aea281c961d65d1b53c7481,7812,30,29,NROOT,true,true
claude_sonnet_4_5_20250929:s41467-025-56413-9,claude_sonnet_4_5_20250929,s41467-025-56413-9,current_version,1.0,1.0,materialized_curated_relocation,dot/claude_sonnet_4_5_20250929/s41467-025-56413-9.dot,ba3ec7b49366ffa98b92de821f576f9b040109686bb1b707e727cd135d58e134,5768,22,21,NROOT,true,true
claude_sonnet_4_5_20250929:s41467-025-56522-5,claude_sonnet_4_5_20250929,s41467-025-56522-5,current_version,1.0,1.0,materialized_curated_relocation,dot/claude_sonnet_4_5_20250929/s41467-025-56522-5.dot,7e375dd93527f9d0865c22aeace7615f4c2f648335d5151ddbd7cc1654d45dd3,9503,39,53,NROOT,true,true
claude_sonnet_4_5_20250929:s41467-025-56609-z,claude_sonnet_4_5_20250929,s41467-025-56609-z,current_version,1.0,1.0,materialized_curated_relocation,dot/claude_sonnet_4_5_20250929/s41467-025-56609-z.dot,43975c69d06784765cfc08fb0b0503e58e0ea901908546bb7d5912dd00b39dd3,2464,8,7,NROOT,true,true
claude_sonnet_4_5_20250929:s41467-025-56611-5,claude_sonnet_4_5_20250929,s41467-025-56611-5,current_version,1.0,1.0,materialized_curated_relocation,dot/claude_sonnet_4_5_20250929/s41467-025-56611-5.dot,a8f113dca066ddc7f3abcf61609bb997e1a419040e1ec436ab96c0dc9a72c14d,8632,33,32,NROOT,true,true
claude_sonnet_4_5_20250929:s41467-025-56616-0,claude_sonnet_4_5_20250929,s41467-025-56616-0,current_version,1.0,1.0,materialized_curated_relocation,dot/claude_sonnet_4_5_20250929/s41467-025-56616-0.dot,4e219cba144b893ba17a9afdfb3a69e35e1e555ac36d7e5ca29e1b9e9ba5cdea,6079,30,31,NROOT,true,true
claude_sonnet_4_5_20250929:s41467-025-56618-y,claude_sonnet_4_5_20250929,s41467-025-56618-y,current_version,1.0,1.0,materialized_curated_relocation,dot/claude_sonnet_4_5_20250929/s41467-025-56618-y.dot,df9573a295fcca25bff9367c2b82fccd890b518cfaef8f709f6100ecb7eccb1d,3026,13,13,NROOT,true,true
claude_sonnet_4_5_20250929:s41467-025-56622-2,claude_sonnet_4_5_20250929,s41467-025-56622-2,current_version,1.0,1.0,materialized_curated_relocation,dot/claude_sonnet_4_5_20250929/s41467-025-56622-2.dot,a912a70fd03557b2da7d566c5c372c93162d43501ed369b87a3cf18d1aa1aa29,9631,41,42,NROOT,true,true
claude_sonnet_4_5_20250929:s41467-025-56635-x,claude_sonnet_4_5_20250929,s41467-025-56635-x,current_version,1.0,1.0,materialized_curated_relocation,dot/claude_sonnet_4_5_20250929/s41467-025-56635-x.dot,039a2a153a9e8453728e2fdf3dd5b92e78081b7b8a3a63651981d3ef880b5392,5519,24,23,NROOT,true,true
claude_sonnet_4_5_20250929:s41467-025-56641-z,claude_sonnet_4_5_20250929,s41467-025-56641-z,current_version,1.0,1.0,materialized_curated_relocation,dot/claude_sonnet_4_5_20250929/s41467-025-56641-z.dot,c389a2a90c29216aa3a361bf57a29f2c1f80c332400231af828d575daae11b32,8317,35,34,NROOT,true,true
claude_sonnet_4_5_20250929:s41467-025-56657-5,claude_sonnet_4_5_20250929,s41467-025-56657-5,current_version,1.0,1.0,materialized_curated_relocation,dot/claude_sonnet_4_5_20250929/s41467-025-56657-5.dot,7fd48b60a1c62189cbb2b4046137f1ffc1844fd127b838c6bd8a2e194a312b67,1867,8,7,NROOT,true,true
claude_sonnet_4_5_20250929:s41467-025-56667-3,claude_sonnet_4_5_20250929,s41467-025-56667-3,current_version,1.0,1.0,materialized_curated_relocation,dot/claude_sonnet_4_5_20250929/s41467-025-56667-3.dot,1e82629c0697a35690f42f6176578c13bb18f6e0e7733ff441c0298168d20e5c,7894,27,28,NROOT,true,true
claude_sonnet_4_5_20250929:s41467-025-56697-x,claude_sonnet_4_5_20250929,s41467-025-56697-x,current_version,1.0,1.0,materialized_curated_relocation,dot/claude_sonnet_4_5_20250929/s41467-025-56697-x.dot,2f04e42ff1bec35cc9139ab4821603e5465e5dd56bd0ba94a7a7ea0af9af240b,5465,22,23,NROOT,true,true
claude_sonnet_4_5_20250929:s41467-025-56698-w,claude_sonnet_4_5_20250929,s41467-025-56698-w,current_version,1.0,1.0,materialized_curated_relocation,dot/claude_sonnet_4_5_20250929/s41467-025-56698-w.dot,0c9634f8940093237b14e24f1e9729b05f9f4bfbc427422811328786210fece7,11245,36,37,NROOT,true,true
claude_sonnet_4_5_20250929:s41467-025-56722-z,claude_sonnet_4_5_20250929,s41467-025-56722-z,current_version,1.0,1.0,materialized_curated_relocation,dot/claude_sonnet_4_5_20250929/s41467-025-56722-z.dot,7face1e70a0c2e1f16284ddee6ee1a9a818ddc179e64dc26da304fd2b115f725,7485,24,25,NROOT,true,true
claude_sonnet_4_5_20250929:s41467-025-56724-x,claude_sonnet_4_5_20250929,s41467-025-56724-x,current_version,1.0,1.0,materialized_curated_relocation,dot/claude_sonnet_4_5_20250929/s41467-025-56724-x.dot,48d7071363be102ecf3c470e4c79a29caa3dd7f42266816eec89cae9eb32b0ae,13338,44,57,NROOT,true,true
claude_sonnet_4_5_20250929:s41467-025-56729-6,claude_sonnet_4_5_20250929,s41467-025-56729-6,current_version,1.0,1.0,materialized_curated_relocation,dot/claude_sonnet_4_5_20250929/s41467-025-56729-6.dot,9166043f84dc38d7e65bb6c29ff3cd149717b16c867e6a631fc91ba43312e09a,8440,31,33,NROOT,true,true
claude_sonnet_4_5_20250929:s41467-025-56732-x,claude_sonnet_4_5_20250929,s41467-025-56732-x,current_version,1.0,1.0,materialized_curated_relocation,dot/claude_sonnet_4_5_20250929/s41467-025-56732-x.dot,5c808033a80752eefcfa42b478c65848227bac82e545d6e8281168ec9381bcc6,2940,11,10,NROOT,true,true
claude_sonnet_4_5_20250929:s41467-025-56734-9,claude_sonnet_4_5_20250929,s41467-025-56734-9,current_version,1.0,1.0,materialized_curated_relocation,dot/claude_sonnet_4_5_20250929/s41467-025-56734-9.dot,015351fbefc28f5144a96f07f35e2e4d1013fa22c89b0876f61dd2bedf8e6af7,7212,34,33,NROOT,true,true
claude_sonnet_4_5_20250929:s41467-025-56738-5,claude_sonnet_4_5_20250929,s41467-025-56738-5,current_version,1.0,1.0,materialized_curated_relocation,dot/claude_sonnet_4_5_20250929/s41467-025-56738-5.dot,a27fd8baf73377823a8d437d343af7c218d342328d82db53953b946a5408956d,4006,22,21,NROOT,true,true
claude_sonnet_4_5_20250929:s41467-025-56739-4,claude_sonnet_4_5_20250929,s41467-025-56739-4,current_version,1.0,1.0,materialized_curated_relocation,dot/claude_sonnet_4_5_20250929/s41467-025-56739-4.dot,fa55d505397e97fbfe232a1b3e750b20ebc90d2099b6df5e3a13eb9dc342161e,2890,13,12,NROOT,true,true
claude_sonnet_4_5_20250929:s41467-025-56751-8,claude_sonnet_4_5_20250929,s41467-025-56751-8,current_version,1.0,1.0,materialized_curated_relocation,dot/claude_sonnet_4_5_20250929/s41467-025-56751-8.dot,a3ffd0f9fed02a7bcd2e61afb366aedd4f8ded849238a0c3de55c0c6327b67fc,7988,33,32,NROOT,true,true
claude_sonnet_4_5_20250929:s41467-025-56757-2,claude_sonnet_4_5_20250929,s41467-025-56757-2,current_version,1.0,1.0,materialized_curated_relocation,dot/claude_sonnet_4_5_20250929/s41467-025-56757-2.dot,abab6781d8d445f6aa4de204d0bb7bc100fb3e6324e43b5a3b3e8537a23a206f,6475,22,23,NROOT,true,true
claude_sonnet_4_5_20250929:s41467-025-56761-6,claude_sonnet_4_5_20250929,s41467-025-56761-6,current_version,1.0,1.0,materialized_curated_relocation,dot/claude_sonnet_4_5_20250929/s41467-025-56761-6.dot,83cf9618505fc9dac8275a79fbf32bdfc02fc24bfd393537431099d2a05c2f4f,5922,22,21,NROOT,true,true
claude_sonnet_4_5_20250929:s41467-025-56764-3,claude_sonnet_4_5_20250929,s41467-025-56764-3,current_version,1.0,1.0,materialized_curated_relocation,dot/claude_sonnet_4_5_20250929/s41467-025-56764-3.dot,2d1222e52e4b9796be418329ac32f32752a68455ffb0b962c2e7eebddb248bd5,6568,26,30,NROOT,true,true
claude_sonnet_4_5_20250929:s41467-025-56765-2,claude_sonnet_4_5_20250929,s41467-025-56765-2,current_version,1.0,1.0,materialized_curated_relocation,dot/claude_sonnet_4_5_20250929/s41467-025-56765-2.dot,d5dd9da9e8f49d38ee8f06f641578b3192b61eda1c5b6cf53d627d7a684d2170,3625,15,16,NROOT,true,true
claude_sonnet_4_5_20250929:s41467-025-56769-y,claude_sonnet_4_5_20250929,s41467-025-56769-y,current_version,1.0,1.0,direct,dot/claude_sonnet_4_5_20250929/s41467-025-56769-y.dot,6fc78e6900dc9bdf1aa530267a640b16970cd8dd71d1330ac2b6e99f40168947,2061,13,12,NROOT,true,true
claude_sonnet_4_5_20250929:s41467-025-56776-z,claude_sonnet_4_5_20250929,s41467-025-56776-z,current_version,1.0,1.0,materialized_curated_relocation,dot/claude_sonnet_4_5_20250929/s41467-025-56776-z.dot,c737ea4e75def369815322406a1a89bf149d9e9691d86e64e12d609805d4b20a,8690,29,36,NROOT,true,true
claude_sonnet_4_5_20250929:s41467-025-56786-x,claude_sonnet_4_5_20250929,s41467-025-56786-x,current_version,1.0,1.0,direct,dot/claude_sonnet_4_5_20250929/s41467-025-56786-x.dot,87db8683b44cb9523b2d6fd3ed280c9b4211479ed70fbe40cb639ff6a8bab710,5230,19,18,NROOT,true,true
claude_sonnet_4_5_20250929:s41467-025-56787-w,claude_sonnet_4_5_20250929,s41467-025-56787-w,current_version,1.0,1.0,materialized_curated_relocation,dot/claude_sonnet_4_5_20250929/s41467-025-56787-w.dot,e110f45982b6e2544baf5ec82b50e0a9f08b951507ba73af8f69fe79221eb618,7925,34,38,NROOT,true,true
claude_sonnet_4_5_20250929:s41467-025-56795-w,claude_sonnet_4_5_20250929,s41467-025-56795-w,current_version,1.0,1.0,materialized_curated_relocation,dot/claude_sonnet_4_5_20250929/s41467-025-56795-w.dot,dcb923139b0f37c8854c1e78c8cb6dd75dcc7ae7caebf24e66e4b658d43721d5,4766,19,18,NROOT,true,true
claude_sonnet_4_5_20250929:s41467-025-56797-8,claude_sonnet_4_5_20250929,s41467-025-56797-8,current_version,1.0,1.0,materialized_curated_relocation,dot/claude_sonnet_4_5_20250929/s41467-025-56797-8.dot,8c417d8c4ae2227f1052b82adfa1ce7d0d38dbfe0907e19b0cebb9148018bfc5,7561,35,36,NROOT,true,true
claude_sonnet_4_5_20250929:s41467-025-56798-7,claude_sonnet_4_5_20250929,s41467-025-56798-7,current_version,1.0,1.0,materialized_curated_relocation,dot/claude_sonnet_4_5_20250929/s41467-025-56798-7.dot,4d452f76e4c0faab5645d028e6196b3aca51ee880606863bdde97a3190f30011,5494,25,25,NROOT,true,true
claude_sonnet_4_5_20250929:s41467-025-56799-6,claude_sonnet_4_5_20250929,s41467-025-56799-6,current_version,1.0,1.0,materialized_curated_relocation,dot/claude_sonnet_4_5_20250929/s41467-025-56799-6.dot,d5077417f0aa413ddec849d25d8c190f302009f9617cf9c03dba2e398e9c2cf7,4934,22,22,NROOT,true,true
claude_sonnet_4_5_20250929:s41467-025-56814-w,claude_sonnet_4_5_20250929,s41467-025-56814-w,current_version,1.0,1.0,materialized_curated_relocation,dot/claude_sonnet_4_5_20250929/s41467-025-56814-w.dot,b808d72ebe39d3bd9bac517cf9ec7309e28cb4388e85767b5c4c3bd22d4feaf4,10213,43,42,NROOT,true,true
claude_sonnet_4_5_20250929:s41467-025-56815-9,claude_sonnet_4_5_20250929,s41467-025-56815-9,current_version,1.0,1.0,materialized_curated_relocation,dot/claude_sonnet_4_5_20250929/s41467-025-56815-9.dot,bb2bc96c8df8237caaf94c035fdbfcdd39907556e1c47a396b48a3bd00c4637a,5921,18,21,NROOT,true,true
claude_sonnet_4_5_20250929:s41467-025-56819-5,claude_sonnet_4_5_20250929,s41467-025-56819-5,current_version,1.0,1.0,materialized_curated_relocation,dot/claude_sonnet_4_5_20250929/s41467-025-56819-5.dot,4935c0ad5df7af41e679ab9091dbf25ee74ee584bc91636a9cb8ecaa589ed5ff,8652,29,29,NROOT,true,true
claude_sonnet_4_5_20250929:s41467-025-56821-x,claude_sonnet_4_5_20250929,s41467-025-56821-x,current_version,1.0,1.0,materialized_curated_relocation,dot/claude_sonnet_4_5_20250929/s41467-025-56821-x.dot,aa5a486af556c02b190c7d2fe6ab7ac4f1eb142c553f125640ff510ddd1c1acc,10313,39,38,NROOT,true,true
claude_sonnet_4_5_20250929:s41467-025-56822-w,claude_sonnet_4_5_20250929,s41467-025-56822-w,current_version,1.0,1.0,materialized_curated_relocation,dot/claude_sonnet_4_5_20250929/s41467-025-56822-w.dot,ab3737cb756ba4e6773fc472f0c3f8fa4adbac39f5b91dda85e329b2b1b3bfb6,8892,36,35,NROOT,true,true
claude_sonnet_4_5_20250929:s41467-025-56842-6,claude_sonnet_4_5_20250929,s41467-025-56842-6,current_version,1.0,1.0,materialized_curated_relocation,dot/claude_sonnet_4_5_20250929/s41467-025-56842-6.dot,29604d758c20b2cb8f0faa85d00616e4544a8cce2c5900c2b9e69ab584b91854,3441,17,16,NROOT,true,true
claude_sonnet_4_5_20250929:s41467-025-56846-2,claude_sonnet_4_5_20250929,s41467-025-56846-2,current_version,1.0,1.0,materialized_curated_relocation,dot/claude_sonnet_4_5_20250929/s41467-025-56846-2.dot,7d20a728be75d9e7058ca1c0656d5385614c31a337abd327c3670697f390b718,8645,37,43,NROOT,true,true
claude_sonnet_4_5_20250929:s41467-025-56850-6,claude_sonnet_4_5_20250929,s41467-025-56850-6,current_version,1.0,1.0,materialized_curated_relocation,dot/claude_sonnet_4_5_20250929/s41467-025-56850-6.dot,e7cca07644c062bf634bccf7ee9d510f9242776152ab0e535c50330f7ea03ced,4794,23,25,NROOT,true,true
claude_sonnet_4_5_20250929:s41467-025-56852-4,claude_sonnet_4_5_20250929,s41467-025-56852-4,current_version,1.0,1.0,materialized_curated_relocation,dot/claude_sonnet_4_5_20250929/s41467-025-56852-4.dot,825f8e7b18fe15335049b708bebd6cbb95f088bba3e169197bf6b107c36f8f14,5724,21,23,NROOT,true,true
claude_sonnet_4_5_20250929:s41467-025-56853-3,claude_sonnet_4_5_20250929,s41467-025-56853-3,current_version,1.0,1.0,materialized_curated_relocation,dot/claude_sonnet_4_5_20250929/s41467-025-56853-3.dot,1deb930ecb9ba35b3556aeabf79afd6cd88e69a5facf6fe03a31285637503a40,5336,23,22,NROOT,true,true
claude_sonnet_4_5_20250929:s41467-025-56856-0,claude_sonnet_4_5_20250929,s41467-025-56856-0,current_version,1.0,1.0,materialized_curated_relocation,dot/claude_sonnet_4_5_20250929/s41467-025-56856-0.dot,02ac3fbad6abc2e68ea99c7f9fe7918498a7dceec1b84e2a6946a584c8f5c61a,6623,24,23,NROOT,true,true
claude_sonnet_4_5_20250929:s41467-025-56857-z,claude_sonnet_4_5_20250929,s41467-025-56857-z,current_version,1.0,1.0,materialized_curated_relocation,dot/claude_sonnet_4_5_20250929/s41467-025-56857-z.dot,98a8ec601c798926d432a9a9b64f3e84fae28e45288681e9f7c75051357c8dc5,4601,23,24,NROOT,true,true
claude_sonnet_4_5_20250929:s41467-025-56858-y,claude_sonnet_4_5_20250929,s41467-025-56858-y,current_version,1.0,1.0,materialized_curated_relocation,dot/claude_sonnet_4_5_20250929/s41467-025-56858-y.dot,31fcb0afef01cd5123a5ec24be77e5f2db7e8724c8e97e6abf4b9a265d2904f0,3314,14,13,NROOT,true,true
claude_sonnet_4_5_20250929:s41467-025-56871-1,claude_sonnet_4_5_20250929,s41467-025-56871-1,current_version,1.0,1.0,materialized_curated_relocation,dot/claude_sonnet_4_5_20250929/s41467-025-56871-1.dot,b9bab4f6d2a415e2090ac5b3cd2e11d9abec377d8de6c98973d22c7048ee0511,5899,22,21,NROOT,true,true
claude_sonnet_4_5_20250929:s41467-025-56873-z,claude_sonnet_4_5_20250929,s41467-025-56873-z,current_version,1.0,1.0,materialized_curated_relocation,dot/claude_sonnet_4_5_20250929/s41467-025-56873-z.dot,ef80d05ac13008c368bc1580c0eaa39c207135b55c64e35c163acb25b66a08c3,4776,19,19,NROOT,true,true
claude_sonnet_4_5_20250929:s41467-025-56877-9,claude_sonnet_4_5_20250929,s41467-025-56877-9,current_version,1.0,1.0,direct,dot/claude_sonnet_4_5_20250929/s41467-025-56877-9.dot,9704766088b669494c32ec2de79589b116d6501142c400b7add1c9c4ebccfeff,3200,11,10,NROOT,true,true
claude_sonnet_4_5_20250929:s41467-025-56880-0,claude_sonnet_4_5_20250929,s41467-025-56880-0,current_version,1.0,1.0,direct,dot/claude_sonnet_4_5_20250929/s41467-025-56880-0.dot,09d5dbb36c50dbd6cf4419a71e3abbd84ee80f994ad20f68ab0edfc2d00acb81,2401,13,12,NROOT,true,true
claude_sonnet_4_5_20250929:s41467-025-56882-y,claude_sonnet_4_5_20250929,s41467-025-56882-y,current_version,1.0,1.0,materialized_curated_relocation,dot/claude_sonnet_4_5_20250929/s41467-025-56882-y.dot,d5ede5779745148a89e5a80fb1b3ce8fb1a385066b5fedbc13457bcddd5b344a,4028,17,16,NROOT,true,true
claude_sonnet_4_5_20250929:s41467-025-56887-7,claude_sonnet_4_5_20250929,s41467-025-56887-7,current_version,1.0,1.0,materialized_curated_relocation,dot/claude_sonnet_4_5_20250929/s41467-025-56887-7.dot,57a3888dc4cab1bb6d52eeb49d44f0972de5fd4cd4f6d76fc1ecd1f9e8c50804,9064,40,39,NROOT,true,true
claude_sonnet_4_5_20250929:s41467-025-56897-5,claude_sonnet_4_5_20250929,s41467-025-56897-5,current_version,1.0,1.0,materialized_curated_relocation,dot/claude_sonnet_4_5_20250929/s41467-025-56897-5.dot,fba45b1737f3cc0c96e9c3df64188844a484d0d59590ef709cc1973fc4606b7d,4022,21,20,NROOT,true,true
claude_sonnet_4_5_20250929:s41467-025-56902-x,claude_sonnet_4_5_20250929,s41467-025-56902-x,current_version,1.0,1.0,direct,dot/claude_sonnet_4_5_20250929/s41467-025-56902-x.dot,6b0a7bdebd543843752cc149075b51be7c9402020b86d8f22a3ba0a3eb44165d,2811,11,10,NROOT,true,true
claude_sonnet_4_5_20250929:s41467-025-56912-9,claude_sonnet_4_5_20250929,s41467-025-56912-9,current_version,1.0,1.0,direct,dot/claude_sonnet_4_5_20250929/s41467-025-56912-9.dot,7042e0db8865abea8d16108edb663993da9f8e143db6ffb4e5d9c7b356c09fc0,2535,14,13,NROOT,true,true
claude_sonnet_4_5_20250929:s41467-025-56921-8,claude_sonnet_4_5_20250929,s41467-025-56921-8,current_version,1.0,1.0,materialized_curated_relocation,dot/claude_sonnet_4_5_20250929/s41467-025-56921-8.dot,9f2a21036ec26aae9cb9376dbb8d93b0519c5ad0dae027115c324ccca6e0c90f,4287,14,13,NROOT,true,true
claude_sonnet_4_5_20250929:s41467-025-56941-4,claude_sonnet_4_5_20250929,s41467-025-56941-4,current_version,1.0,1.0,materialized_curated_relocation,dot/claude_sonnet_4_5_20250929/s41467-025-56941-4.dot,756c41855e6e45758be7f77eb1cdd0d6c7f0dbc09b4353dc80681947d4c27710,6175,23,30,NROOT,true,true
claude_sonnet_4_5_20250929:s41467-025-56945-0,claude_sonnet_4_5_20250929,s41467-025-56945-0,current_version,1.0,1.0,materialized_curated_relocation,dot/claude_sonnet_4_5_20250929/s41467-025-56945-0.dot,c4de497268c3aada8ebd826927f28e7ddf66f1ff9f5c35d6b7c9757ab49dfbd3,3265,17,16,NROOT,true,true
claude_sonnet_4_5_20250929:s41467-025-56992-7,claude_sonnet_4_5_20250929,s41467-025-56992-7,current_version,1.0,1.0,materialized_curated_relocation,dot/claude_sonnet_4_5_20250929/s41467-025-56992-7.dot,df01cc4aa5c1e41625f52fe44a7d00025256863f0dcea5ad050b9b665c9ccaa8,4997,21,23,NROOT,true,true
claude_sonnet_4_5_20250929:s41467-025-57012-4,claude_sonnet_4_5_20250929,s41467-025-57012-4,current_version,1.0,1.0,materialized_curated_relocation,dot/claude_sonnet_4_5_20250929/s41467-025-57012-4.dot,120331e13aa03ec7518af672312f6e5f4167ff0a66d211aae0adeba76d1edb90,4349,14,13,NROOT,true,true
gemini_3_1_pro_preview:s41467-025-55907-w,gemini_3_1_pro_preview,s41467-025-55907-w,current_version,1.0,1.0,materialized_curated_relocation,dot/gemini_3_1_pro_preview/s41467-025-55907-w.dot,0e710882e43514c8543caa31987a581a85d3ef129676fcf41f59a64150f66e99,14394,39,38,NROOT,true,true
gemini_3_1_pro_preview:s41467-025-55999-4,gemini_3_1_pro_preview,s41467-025-55999-4,current_version,1.0,1.0,materialized_curated_relocation,dot/gemini_3_1_pro_preview/s41467-025-55999-4.dot,b838c6c5e210a7c2993a6531def732b8d36acee4e97df032bab34e6af7290e3f,1968,7,7,NROOT,true,true
gemini_3_1_pro_preview:s41467-025-56034-2,gemini_3_1_pro_preview,s41467-025-56034-2,current_version,1.0,1.0,direct,dot/gemini_3_1_pro_preview/s41467-025-56034-2.dot,0cef47fd062f37c01e125c552504c9999f3c7d5a0cb91929d3dd7dcc753a3b9d,9547,35,38,NROOT,true,true
gemini_3_1_pro_preview:s41467-025-56075-7,gemini_3_1_pro_preview,s41467-025-56075-7,current_version,1.0,1.0,direct,dot/gemini_3_1_pro_preview/s41467-025-56075-7.dot,31424f59128a1a8c8e333446b99a1a3e29f1664f4fafb6dbdffffa3d00fbc33e,3415,17,17,NROOT,true,true
gemini_3_1_pro_preview:s41467-025-56106-3,gemini_3_1_pro_preview,s41467-025-56106-3,current_version,1.0,1.0,materialized_curated_relocation,dot/gemini_3_1_pro_preview/s41467-025-56106-3.dot,6631d3ffb88d8cced4ed5ac2dd5a6ffbc015dca6f08d38fb9c1617f5313c7073,3976,12,11,NROOT,true,true
gemini_3_1_pro_preview:s41467-025-56250-w,gemini_3_1_pro_preview,s41467-025-56250-w,current_version,1.0,1.0,materialized_curated_relocation,dot/gemini_3_1_pro_preview/s41467-025-56250-w.dot,5bb2f25aa8b7ee9faf74e33a016576e1355144b2eba8252f9642d6ea2fca77c3,6086,23,22,NROOT,true,true
gemini_3_1_pro_preview:s41467-025-56283-1,gemini_3_1_pro_preview,s41467-025-56283-1,current_version,1.0,1.0,direct,dot/gemini_3_1_pro_preview/s41467-025-56283-1.dot,a7468a98f248244bedb74ecfa265c4f9f649323c35ee69f639efcb9563c89e01,3590,14,13,NROOT,true,true
gemini_3_1_pro_preview:s41467-025-56295-x,gemini_3_1_pro_preview,s41467-025-56295-x,current_version,1.0,1.0,direct,dot/gemini_3_1_pro_preview/s41467-025-56295-x.dot,fa2d761f8b0a3696fb163fdf5c682095dec4a1dca2510de73a6c27731ce8d032,4041,11,10,NROOT,true,true
gemini_3_1_pro_preview:s41467-025-56359-y,gemini_3_1_pro_preview,s41467-025-56359-y,current_version,1.0,1.0,materialized_curated_relocation,dot/gemini_3_1_pro_preview/s41467-025-56359-y.dot,6f8eac6c95df197704a448e2f19dbbbcb2d9adb913b85dd093da321bc8ba2170,3115,9,8,NROOT,true,true
gemini_3_1_pro_preview:s41467-025-56394-9,gemini_3_1_pro_preview,s41467-025-56394-9,current_version,1.0,1.0,materialized_curated_relocation,dot/gemini_3_1_pro_preview/s41467-025-56394-9.dot,d45e341a111f64da03c980ab6056d11c48a8b9c5e3f1331a2f831ef9b101e700,5450,21,20,NROOT,true,true
gemini_3_1_pro_preview:s41467-025-56413-9,gemini_3_1_pro_preview,s41467-025-56413-9,current_version,1.0,1.0,materialized_curated_relocation,dot/gemini_3_1_pro_preview/s41467-025-56413-9.dot,3ecf405b4bd5106788c8ddf674d3e02ee481a933aa8f2170945f480151d6d17d,3546,13,12,NROOT,true,true
gemini_3_1_pro_preview:s41467-025-56522-5,gemini_3_1_pro_preview,s41467-025-56522-5,current_version,1.0,1.0,direct,dot/gemini_3_1_pro_preview/s41467-025-56522-5.dot,2846a265c632e99b3d290c7299ad87ccf639c1ac5daf563b4d03dc7204e22fd0,3569,12,11,NROOT,true,true
gemini_3_1_pro_preview:s41467-025-56609-z,gemini_3_1_pro_preview,s41467-025-56609-z,current_version,1.0,1.0,materialized_curated_relocation,dot/gemini_3_1_pro_preview/s41467-025-56609-z.dot,bc177f39d9c294ec7277b0a67d05bb43ea006e6739891bf7e3fc1aba83936ecd,4004,15,14,NROOT,true,true
gemini_3_1_pro_preview:s41467-025-56611-5,gemini_3_1_pro_preview,s41467-025-56611-5,current_version,1.0,1.0,materialized_curated_relocation,dot/gemini_3_1_pro_preview/s41467-025-56611-5.dot,28f895ee0a657ddf1a61e467534d500ecff25e14707e44a9c6a2f5e27e7117ad,4556,16,15,NROOT,true,true
gemini_3_1_pro_preview:s41467-025-56616-0,gemini_3_1_pro_preview,s41467-025-56616-0,current_version,1.0,1.0,materialized_curated_relocation,dot/gemini_3_1_pro_preview/s41467-025-56616-0.dot,8c66301469fd12f3a3515a12e1a53be96dfe5c65870c171f233be25dca9249b6,4522,19,19,NROOT,true,true
gemini_3_1_pro_preview:s41467-025-56618-y,gemini_3_1_pro_preview,s41467-025-56618-y,current_version,1.0,1.0,direct,dot/gemini_3_1_pro_preview/s41467-025-56618-y.dot,c3bdd7a69317d27cb764476ecdaa4c6491f131c5ae20b6d06501c0ebae29a4ce,3093,10,9,NROOT,true,true
gemini_3_1_pro_preview:s41467-025-56622-2,gemini_3_1_pro_preview,s41467-025-56622-2,current_version,1.0,1.0,materialized_curated_relocation,dot/gemini_3_1_pro_preview/s41467-025-56622-2.dot,a961b77e2afb72de3fd715f313c9b581de82e22a1a9cfec113eb9d1c05a6c775,2663,10,9,NROOT,true,true
gemini_3_1_pro_preview:s41467-025-56635-x,gemini_3_1_pro_preview,s41467-025-56635-x,current_version,1.0,1.0,direct,dot/gemini_3_1_pro_preview/s41467-025-56635-x.dot,bb79cc9b2c1015dbceb1cfc9f2e2607c2961b77c74f11eac5f6b3bf61b93b3f3,3035,8,7,NROOT,true,true
gemini_3_1_pro_preview:s41467-025-56641-z,gemini_3_1_pro_preview,s41467-025-56641-z,current_version,1.0,1.0,materialized_curated_relocation,dot/gemini_3_1_pro_preview/s41467-025-56641-z.dot,c9f92f8bc4eec44c670571fec8dd13fadf1188422fd645fd0bd8efdf4b4d3c6d,6083,18,17,NROOT,true,true
gemini_3_1_pro_preview:s41467-025-56657-5,gemini_3_1_pro_preview,s41467-025-56657-5,current_version,1.0,1.0,direct,dot/gemini_3_1_pro_preview/s41467-025-56657-5.dot,4aacd34cbc294cf2afdd7717cb7951c5af3e48e34aebe2083feac30c851b84e7,5543,21,22,NROOT,true,true
gemini_3_1_pro_preview:s41467-025-56667-3,gemini_3_1_pro_preview,s41467-025-56667-3,current_version,1.0,1.0,direct,dot/gemini_3_1_pro_preview/s41467-025-56667-3.dot,40306b392dabfb706edb3ce696cb527ed41528ed1e10599e160eb2fbb777c375,4047,12,11,NROOT,true,true
gemini_3_1_pro_preview:s41467-025-56697-x,gemini_3_1_pro_preview,s41467-025-56697-x,current_version,1.0,1.0,materialized_curated_relocation,dot/gemini_3_1_pro_preview/s41467-025-56697-x.dot,97dcb619dec72422ccdd6e3604050ae25420c3e4e98d19364e141de691d9274f,4702,16,17,NROOT,true,true
gemini_3_1_pro_preview:s41467-025-56698-w,gemini_3_1_pro_preview,s41467-025-56698-w,current_version,1.0,1.0,direct,dot/gemini_3_1_pro_preview/s41467-025-56698-w.dot,d21a45ce68b66c1777850da96937f2c00bb53e3013c60e7cb0df18758bd17c8e,2358,9,8,NROOT,true,true
gemini_3_1_pro_preview:s41467-025-56722-z,gemini_3_1_pro_preview,s41467-025-56722-z,current_version,1.0,1.0,direct,dot/gemini_3_1_pro_preview/s41467-025-56722-z.dot,f2958c86b16110d41b1414b9086c6edd791a0029e096a5a0d5e02992549e93d4,3067,9,8,NROOT,true,true
gemini_3_1_pro_preview:s41467-025-56724-x,gemini_3_1_pro_preview,s41467-025-56724-x,current_version,1.0,1.0,direct,dot/gemini_3_1_pro_preview/s41467-025-56724-x.dot,4ba722bb338b90b6b0a5ca0d34c5bd97c9a7421a17918fef1f54a5e3f629925d,2674,9,8,NROOT,true,true
gemini_3_1_pro_preview:s41467-025-56729-6,gemini_3_1_pro_preview,s41467-025-56729-6,current_version,1.0,1.0,materialized_curated_relocation,dot/gemini_3_1_pro_preview/s41467-025-56729-6.dot,437b538cf7c7f565a7ed387c6f1495b52cdab8b8c0e96744e02779f2d6a2cd1a,2280,8,7,NROOT,true,true
gemini_3_1_pro_preview:s41467-025-56732-x,gemini_3_1_pro_preview,s41467-025-56732-x,current_version,1.0,1.0,materialized_curated_relocation,dot/gemini_3_1_pro_preview/s41467-025-56732-x.dot,a0bc9ceff0dce23501c8974d21782a6dbf09a75d74397cbdc1d8ebbb4b925520,4579,16,15,NROOT,true,true
gemini_3_1_pro_preview:s41467-025-56734-9,gemini_3_1_pro_preview,s41467-025-56734-9,current_version,1.0,1.0,materialized_curated_relocation,dot/gemini_3_1_pro_preview/s41467-025-56734-9.dot,6e98a7cf9592ecf4dad9d6f02734f0d3be52bf76844f5bf4d1a955512d3d93d5,3892,13,12,NROOT,true,true
gemini_3_1_pro_preview:s41467-025-56738-5,gemini_3_1_pro_preview,s41467-025-56738-5,current_version,1.0,1.0,materialized_curated_relocation,dot/gemini_3_1_pro_preview/s41467-025-56738-5.dot,bc92c7bb963b8579842ca926ce14993503639354856c440ddfb4aaab707e7bae,5271,19,18,NROOT,true,true
gemini_3_1_pro_preview:s41467-025-56739-4,gemini_3_1_pro_preview,s41467-025-56739-4,current_version,1.0,1.0,materialized_curated_relocation,dot/gemini_3_1_pro_preview/s41467-025-56739-4.dot,933bf856b13dfcf337c3a89dbbf2eb60512f4f4d70597196ec4c9324933a9b40,4495,17,16,NROOT,true,true
gemini_3_1_pro_preview:s41467-025-56751-8,gemini_3_1_pro_preview,s41467-025-56751-8,current_version,1.0,1.0,materialized_curated_relocation,dot/gemini_3_1_pro_preview/s41467-025-56751-8.dot,f339931f322dfcb0c9407faca5abb0ac8ab4f7cc9196f4fe88f8104fbba2c71a,5361,17,16,NROOT,true,true
gemini_3_1_pro_preview:s41467-025-56757-2,gemini_3_1_pro_preview,s41467-025-56757-2,current_version,1.0,1.0,materialized_curated_relocation,dot/gemini_3_1_pro_preview/s41467-025-56757-2.dot,c834f59410a49cb87b2a2c4f28bd0904b416a5d8430d0d4a9c5e85fa5618fee9,1847,5,4,NROOT,true,true
gemini_3_1_pro_preview:s41467-025-56761-6,gemini_3_1_pro_preview,s41467-025-56761-6,current_version,1.0,1.0,materialized_curated_relocation,dot/gemini_3_1_pro_preview/s41467-025-56761-6.dot,932e8d378710684b731fa750f8ce1dc7cba6c53d3371417b3e2a5e9061d4d560,5105,15,14,NROOT,true,true
gemini_3_1_pro_preview:s41467-025-56764-3,gemini_3_1_pro_preview,s41467-025-56764-3,current_version,1.0,1.0,materialized_curated_relocation,dot/gemini_3_1_pro_preview/s41467-025-56764-3.dot,6f8d59a13f978973edbb78bcbe06f6c1628f7769aeb27c7f42b81073a19815eb,5589,21,23,NROOT,true,true
gemini_3_1_pro_preview:s41467-025-56765-2,gemini_3_1_pro_preview,s41467-025-56765-2,current_version,1.0,1.0,materialized_curated_relocation,dot/gemini_3_1_pro_preview/s41467-025-56765-2.dot,aaf1bce24808edc34009c1951239665f74a9a292acf121d42416f5c88d02c814,3446,12,11,NROOT,true,true
gemini_3_1_pro_preview:s41467-025-56769-y,gemini_3_1_pro_preview,s41467-025-56769-y,current_version,1.0,1.0,materialized_curated_relocation,dot/gemini_3_1_pro_preview/s41467-025-56769-y.dot,14c8652864f869c8a7ec5bb8d68b3231a3c6e9314afb7762b2d0e88e3fe5e3cf,4260,18,18,NROOT,true,true
gemini_3_1_pro_preview:s41467-025-56776-z,gemini_3_1_pro_preview,s41467-025-56776-z,current_version,1.0,1.0,materialized_curated_relocation,dot/gemini_3_1_pro_preview/s41467-025-56776-z.dot,ad71bd2804e8fe48e4f5db8afb11fa6e9841e62a05501ba6f99b854c7da397f4,7825,27,26,NROOT,true,true
gemini_3_1_pro_preview:s41467-025-56786-x,gemini_3_1_pro_preview,s41467-025-56786-x,current_version,1.0,1.0,materialized_curated_relocation,dot/gemini_3_1_pro_preview/s41467-025-56786-x.dot,77adfbf90e36b5f3a04ed9991f591b820d6fbf107e876730fca856319b48563a,5197,19,18,NROOT,true,true
gemini_3_1_pro_preview:s41467-025-56787-w,gemini_3_1_pro_preview,s41467-025-56787-w,current_version,1.0,1.0,materialized_curated_relocation,dot/gemini_3_1_pro_preview/s41467-025-56787-w.dot,8f0de19ef7c1a053fac21ccbcdeaa5e0d5520cf8a65e31186a4f20483697e238,6475,23,22,NROOT,true,true
gemini_3_1_pro_preview:s41467-025-56795-w,gemini_3_1_pro_preview,s41467-025-56795-w,current_version,1.0,1.0,materialized_curated_relocation,dot/gemini_3_1_pro_preview/s41467-025-56795-w.dot,e38c95169fcce6e59a5efe07b935c244c95f8319510d7a21273fb2590981a68c,3768,15,14,NROOT,true,true
gemini_3_1_pro_preview:s41467-025-56797-8,gemini_3_1_pro_preview,s41467-025-56797-8,current_version,1.0,1.0,materialized_curated_relocation,dot/gemini_3_1_pro_preview/s41467-025-56797-8.dot,4b7b4514422d89a1595b19dd3a0325173b672084f94048aba570137f38209977,5045,17,16,NROOT,true,true
gemini_3_1_pro_preview:s41467-025-56798-7,gemini_3_1_pro_preview,s41467-025-56798-7,current_version,1.0,1.0,materialized_curated_relocation,dot/gemini_3_1_pro_preview/s41467-025-56798-7.dot,b4f251d947e84bd82600626946c67f39d65092f202f78f7cdd1770fa99f32768,2659,9,8,NROOT,true,true
gemini_3_1_pro_preview:s41467-025-56799-6,gemini_3_1_pro_preview,s41467-025-56799-6,current_version,1.0,1.0,materialized_curated_relocation,dot/gemini_3_1_pro_preview/s41467-025-56799-6.dot,c28200c91ee8565716483229d1a0f87e5757d5ce532ff10948eea17fe156d188,6044,18,17,NROOT,true,true
gemini_3_1_pro_preview:s41467-025-56814-w,gemini_3_1_pro_preview,s41467-025-56814-w,current_version,1.0,1.0,materialized_curated_relocation,dot/gemini_3_1_pro_preview/s41467-025-56814-w.dot,8fe0a6590bdcf9ac0dc29c1ceb152e54ad80941582cfd8dc1ecd4f5d6b9ce87c,4564,15,14,NROOT,true,true
gemini_3_1_pro_preview:s41467-025-56815-9,gemini_3_1_pro_preview,s41467-025-56815-9,current_version,1.0,1.0,materialized_curated_relocation,dot/gemini_3_1_pro_preview/s41467-025-56815-9.dot,95dbc1f6ef6ce4da4731de63ceb58686a68f9a342a612d9984c026b6fd6467a6,5813,24,23,NROOT,true,true
gemini_3_1_pro_preview:s41467-025-56819-5,gemini_3_1_pro_preview,s41467-025-56819-5,current_version,1.0,1.0,materialized_curated_relocation,dot/gemini_3_1_pro_preview/s41467-025-56819-5.dot,726879e6ee5f27a5520edab7f94e2dc555f383ff7da72a710aff6b744f8dfe79,5112,19,19,NROOT,true,true
gemini_3_1_pro_preview:s41467-025-56821-x,gemini_3_1_pro_preview,s41467-025-56821-x,current_version,1.0,1.0,materialized_curated_relocation,dot/gemini_3_1_pro_preview/s41467-025-56821-x.dot,16174488c2ccd52f82377afc2de9fed6fbcf1a6ece7661029418a43c91b2c14f,4740,16,16,NROOT,true,true
gemini_3_1_pro_preview:s41467-025-56822-w,gemini_3_1_pro_preview,s41467-025-56822-w,current_version,1.0,1.0,materialized_curated_relocation,dot/gemini_3_1_pro_preview/s41467-025-56822-w.dot,1058112322af5204a46a892022cbee8b88159573ee8067a67524d4671931a28e,5441,21,20,NROOT,true,true
gemini_3_1_pro_preview:s41467-025-56842-6,gemini_3_1_pro_preview,s41467-025-56842-6,current_version,1.0,1.0,materialized_curated_relocation,dot/gemini_3_1_pro_preview/s41467-025-56842-6.dot,163f41e1705d60227bf03dd47532358f8d74300ae5b3e2430955324b94e69833,1704,5,4,NROOT,true,true
gemini_3_1_pro_preview:s41467-025-56846-2,gemini_3_1_pro_preview,s41467-025-56846-2,current_version,1.0,1.0,materialized_curated_relocation,dot/gemini_3_1_pro_preview/s41467-025-56846-2.dot,3a0fd79cd7dd8e2fd742b95f3c827e80bf4aa5f8d955f417c0d58c0eb5ed7c43,4875,17,16,NROOT,true,true
gemini_3_1_pro_preview:s41467-025-56850-6,gemini_3_1_pro_preview,s41467-025-56850-6,current_version,1.0,1.0,direct,dot/gemini_3_1_pro_preview/s41467-025-56850-6.dot,063d3272b2035e5d9ecb3143bdb20acc353bb41895a6fce27fe5ecafef900e2d,3062,11,10,NROOT,true,true
gemini_3_1_pro_preview:s41467-025-56852-4,gemini_3_1_pro_preview,s41467-025-56852-4,current_version,1.0,1.0,direct,dot/gemini_3_1_pro_preview/s41467-025-56852-4.dot,4c9ddd40ccf9fd2355e48f5f7043ad8e3250f1b97d19013d8156b9d65f1188b8,2790,11,10,NROOT,true,true
gemini_3_1_pro_preview:s41467-025-56853-3,gemini_3_1_pro_preview,s41467-025-56853-3,current_version,1.0,1.0,materialized_curated_relocation,dot/gemini_3_1_pro_preview/s41467-025-56853-3.dot,725f3a90476e4cc11812d8c2143cbd0d2b4e63aa280e660b7a6894a1307c3fea,5504,17,17,NROOT,true,true
gemini_3_1_pro_preview:s41467-025-56856-0,gemini_3_1_pro_preview,s41467-025-56856-0,current_version,1.0,1.0,materialized_curated_relocation,dot/gemini_3_1_pro_preview/s41467-025-56856-0.dot,a964ab28553c0fe021a99540fc23c0ede21d9740a120f37f4d9a744c67ec8e18,2726,8,7,NROOT,true,true
gemini_3_1_pro_preview:s41467-025-56857-z,gemini_3_1_pro_preview,s41467-025-56857-z,current_version,1.0,1.0,materialized_curated_relocation,dot/gemini_3_1_pro_preview/s41467-025-56857-z.dot,eef1603a541733c4f2e57fcdce032f0dc45c83280c192d19df211aabf40ac291,6410,17,16,NROOT,true,true
gemini_3_1_pro_preview:s41467-025-56858-y,gemini_3_1_pro_preview,s41467-025-56858-y,current_version,1.0,1.0,materialized_curated_relocation,dot/gemini_3_1_pro_preview/s41467-025-56858-y.dot,133df597e6bdaccac04f19d3ac5bfd15a56f1cbdc9462fbe6fbde0d72590def2,3360,13,12,NROOT,true,true
gemini_3_1_pro_preview:s41467-025-56871-1,gemini_3_1_pro_preview,s41467-025-56871-1,current_version,1.0,1.0,materialized_curated_relocation,dot/gemini_3_1_pro_preview/s41467-025-56871-1.dot,700bfd0df569e5b0f88e3484a69c18988d602084e7b5fdbc8fe197e739891aaf,4070,14,13,NROOT,true,true
gemini_3_1_pro_preview:s41467-025-56873-z,gemini_3_1_pro_preview,s41467-025-56873-z,current_version,1.0,1.0,materialized_curated_relocation,dot/gemini_3_1_pro_preview/s41467-025-56873-z.dot,518e7a88b5ebd7ff8c10fd825ed4e1170e6b45ab68beac8fd4feb137317ab575,5657,23,22,NROOT,true,true
gemini_3_1_pro_preview:s41467-025-56877-9,gemini_3_1_pro_preview,s41467-025-56877-9,current_version,1.0,1.0,materialized_curated_relocation,dot/gemini_3_1_pro_preview/s41467-025-56877-9.dot,cf78b5103b7c2c40148410ba259a2da0f82b67ca8a75a26a1a0e3e72d0748d6c,6406,23,22,NROOT,true,true
gemini_3_1_pro_preview:s41467-025-56880-0,gemini_3_1_pro_preview,s41467-025-56880-0,current_version,1.0,1.0,materialized_curated_relocation,dot/gemini_3_1_pro_preview/s41467-025-56880-0.dot,111fccdc5085c815a79b05ff1fd17a43d57a2c6e2d573539639b02248cbe6838,3591,15,14,NROOT,true,true
gemini_3_1_pro_preview:s41467-025-56882-y,gemini_3_1_pro_preview,s41467-025-56882-y,current_version,1.0,1.0,materialized_curated_relocation,dot/gemini_3_1_pro_preview/s41467-025-56882-y.dot,d6c554608e9c957880e4c33458e64c5cb13b74b0125bfd15a9e1e8162528d6b3,3068,11,11,NROOT,true,true
gemini_3_1_pro_preview:s41467-025-56887-7,gemini_3_1_pro_preview,s41467-025-56887-7,current_version,1.0,1.0,direct,dot/gemini_3_1_pro_preview/s41467-025-56887-7.dot,4811cde7496c23dfb96ca9e617236f6670f67c0dbb5949d6eba30b344a2440da,3237,11,10,NROOT,true,true
gemini_3_1_pro_preview:s41467-025-56897-5,gemini_3_1_pro_preview,s41467-025-56897-5,current_version,1.0,1.0,materialized_curated_relocation,dot/gemini_3_1_pro_preview/s41467-025-56897-5.dot,3e20218eaf76355a3875c2e3ff307d83cd7953cca4398ac10e6672d7cdf9eb57,3915,13,12,NROOT,true,true
gemini_3_1_pro_preview:s41467-025-56902-x,gemini_3_1_pro_preview,s41467-025-56902-x,current_version,1.0,1.0,materialized_curated_relocation,dot/gemini_3_1_pro_preview/s41467-025-56902-x.dot,fdd5099ac0d1057d3245dfcb8ec8b49223691347eb5c641bb5fe6527256e92ea,3399,13,12,NROOT,true,true
gemini_3_1_pro_preview:s41467-025-56912-9,gemini_3_1_pro_preview,s41467-025-56912-9,current_version,1.0,1.0,direct,dot/gemini_3_1_pro_preview/s41467-025-56912-9.dot,85fa13d38f5cef766972ea803efec30bc6de28824bb831ece2ab2c1cc3e7cbcc,4089,14,13,NROOT,true,true
gemini_3_1_pro_preview:s41467-025-56921-8,gemini_3_1_pro_preview,s41467-025-56921-8,current_version,1.0,1.0,direct,dot/gemini_3_1_pro_preview/s41467-025-56921-8.dot,762d7c16b60577e9af9eda4f0b472da41ff06d7771c7d590c267bd76fa55b9bf,6022,21,21,NROOT,true,true
gemini_3_1_pro_preview:s41467-025-56941-4,gemini_3_1_pro_preview,s41467-025-56941-4,current_version,1.0,1.0,materialized_curated_relocation,dot/gemini_3_1_pro_preview/s41467-025-56941-4.dot,93c2e2790f935f78823a999616baf63fa60f2b98e5b80792884ef0672e3de4a3,3731,13,12,NROOT,true,true
gemini_3_1_pro_preview:s41467-025-56945-0,gemini_3_1_pro_preview,s41467-025-56945-0,current_version,1.0,1.0,materialized_curated_relocation,dot/gemini_3_1_pro_preview/s41467-025-56945-0.dot,6d9adc999d012624c7a776005a27426d6f8dc0eafc6a2ba9eacd12a4f739804a,2323,7,6,NROOT,true,true
gemini_3_1_pro_preview:s41467-025-56992-7,gemini_3_1_pro_preview,s41467-025-56992-7,current_version,1.0,1.0,materialized_curated_relocation,dot/gemini_3_1_pro_preview/s41467-025-56992-7.dot,c875d9ba1edc0f2659f3da9f4e26f1e2bd561a4b00e6ea15dd290b7e85bf6a4e,6275,24,23,NROOT,true,true
gemini_3_1_pro_preview:s41467-025-57012-4,gemini_3_1_pro_preview,s41467-025-57012-4,current_version,1.0,1.0,materialized_curated_relocation,dot/gemini_3_1_pro_preview/s41467-025-57012-4.dot,08c688831ad5d6ff3e1a262960682cd615a22c4814214e6ef465b28ac9b8faa4,5264,21,21,NROOT,true,true
gpt_5_2:s41467-025-55907-w,gpt_5_2,s41467-025-55907-w,current_version,1.0,1.0,materialized_curated_relocation,dot/gpt_5_2/s41467-025-55907-w.dot,54b183d9458aeba5640a39a8fe5b87c62c9e9fd88d6ed287d89e14a4cc489f48,9717,37,45,NROOT,true,true
gpt_5_2:s41467-025-55999-4,gpt_5_2,s41467-025-55999-4,current_version,1.0,1.0,materialized_curated_relocation,dot/gpt_5_2/s41467-025-55999-4.dot,e9c8fed06e979e6c889c16cb05e29ea1fcba916a695b586f0e1c5754f522606a,7398,27,30,NROOT,true,true
gpt_5_2:s41467-025-56034-2,gpt_5_2,s41467-025-56034-2,current_version,1.0,1.0,materialized_curated_relocation,dot/gpt_5_2/s41467-025-56034-2.dot,acc944928355077fcc9677730248eb46a2ed164d1c37add81793fc0d6e81f2f5,9398,35,38,NROOT,true,true
gpt_5_2:s41467-025-56075-7,gpt_5_2,s41467-025-56075-7,current_version,1.0,1.0,materialized_curated_relocation,dot/gpt_5_2/s41467-025-56075-7.dot,f58710af658a8a87876be3597197867cbc7df9c17cd67537aa52af4aa90d702b,6478,27,31,NROOT,true,true
gpt_5_2:s41467-025-56106-3,gpt_5_2,s41467-025-56106-3,current_version,1.0,1.0,materialized_curated_relocation,dot/gpt_5_2/s41467-025-56106-3.dot,81c9c1b4af1937ca44822bdd3c8330a5aada1b65fe4ed4f925304d0856395b8a,26131,102,123,NROOT,true,true
gpt_5_2:s41467-025-56250-w,gpt_5_2,s41467-025-56250-w,current_version,1.0,1.0,materialized_curated_relocation,dot/gpt_5_2/s41467-025-56250-w.dot,9a1d66a5a65b34b22d64953d2baf259b6d402d0ffb67275f30a1be785dbe402c,15195,58,62,NROOT,true,true
gpt_5_2:s41467-025-56283-1,gpt_5_2,s41467-025-56283-1,current_version,1.0,1.0,materialized_curated_relocation,dot/gpt_5_2/s41467-025-56283-1.dot,632bfaab566af87f4e107038e1e8b0bc2fdd22f1265716dd6fbd9f13971cb5c7,18155,56,68,NROOT,true,true
gpt_5_2:s41467-025-56295-x,gpt_5_2,s41467-025-56295-x,current_version,1.0,1.0,materialized_curated_relocation,dot/gpt_5_2/s41467-025-56295-x.dot,03b04c9abf825244a7587dc99e22f0c0a7722450446fd42521486c3ac3c99e2a,6719,26,25,NROOT,true,true
gpt_5_2:s41467-025-56359-y,gpt_5_2,s41467-025-56359-y,current_version,1.0,1.0,materialized_curated_relocation,dot/gpt_5_2/s41467-025-56359-y.dot,42cce2b376b3cc3f4e91226dc9fba65ddb5c80b2285f8375c317bc5d27f87cc1,8620,31,41,NROOT,true,true
gpt_5_2:s41467-025-56394-9,gpt_5_2,s41467-025-56394-9,current_version,1.0,1.0,materialized_curated_relocation,dot/gpt_5_2/s41467-025-56394-9.dot,29ba91832185daf3377a01b42b45f9bf110eca90c1961668e5f4e0be7c192d93,7605,28,38,NROOT,true,true
gpt_5_2:s41467-025-56413-9,gpt_5_2,s41467-025-56413-9,current_version,1.0,1.0,materialized_curated_relocation,dot/gpt_5_2/s41467-025-56413-9.dot,8c5dcda6673084746772bf3a07e739f65de37a462df2d533988a256b64143d8f,8426,32,33,NROOT,true,true
gpt_5_2:s41467-025-56522-5,gpt_5_2,s41467-025-56522-5,current_version,1.0,1.0,materialized_curated_relocation,dot/gpt_5_2/s41467-025-56522-5.dot,6c78541a10bd4d8fda34aeb9f9526342e76abb04b8e1267777f806fad7c6f26f,16730,58,71,NROOT,true,true
gpt_5_2:s41467-025-56609-z,gpt_5_2,s41467-025-56609-z,current_version,1.0,1.0,materialized_curated_relocation,dot/gpt_5_2/s41467-025-56609-z.dot,a3481656f8d11cd0bf14e1945a6c24d38fb83f2663afd2e0545a308d2ed2b358,8633,30,38,NROOT,true,true
gpt_5_2:s41467-025-56611-5,gpt_5_2,s41467-025-56611-5,current_version,1.0,1.0,materialized_curated_relocation,dot/gpt_5_2/s41467-025-56611-5.dot,2109bd2eb7c36bcbde06853cac48a761f99eeec1be73fb658ed52ac2e38c11a9,8441,32,32,NROOT,true,true
gpt_5_2:s41467-025-56616-0,gpt_5_2,s41467-025-56616-0,current_version,1.0,1.0,materialized_curated_relocation,dot/gpt_5_2/s41467-025-56616-0.dot,3c3bbb395e2f26cf989bf0465be65aaf64f8553061332ecce557e02041ffa083,20853,77,111,NROOT,true,true
gpt_5_2:s41467-025-56618-y,gpt_5_2,s41467-025-56618-y,current_version,1.0,1.0,materialized_curated_relocation,dot/gpt_5_2/s41467-025-56618-y.dot,202c0fb3763d919ec50d556a82e3535f83d0f536f4f29b4dce4ff5799c3c7a7c,15235,59,59,NROOT,true,true
gpt_5_2:s41467-025-56622-2,gpt_5_2,s41467-025-56622-2,current_version,1.0,1.0,materialized_curated_relocation,dot/gpt_5_2/s41467-025-56622-2.dot,7e182eb3545a888107f4849ad3b577fc60411a44903a7b4c33b3de4e1042d752,12016,50,55,NROOT,true,true
gpt_5_2:s41467-025-56635-x,gpt_5_2,s41467-025-56635-x,current_version,1.0,1.0,materialized_curated_relocation,dot/gpt_5_2/s41467-025-56635-x.dot,de0c70c3f14ac77705a1000a15641301f9e1c36e6b51c85aca48462c2635d3d9,4280,14,13,NROOT,true,true
gpt_5_2:s41467-025-56641-z,gpt_5_2,s41467-025-56641-z,current_version,1.0,1.0,materialized_curated_relocation,dot/gpt_5_2/s41467-025-56641-z.dot,93e094a252ee092b61bf6c66c3f7eba8613836026e37f4b6e5b7057b7d8ae188,9057,30,30,NROOT,true,true
gpt_5_2:s41467-025-56657-5,gpt_5_2,s41467-025-56657-5,current_version,1.0,1.0,materialized_curated_relocation,dot/gpt_5_2/s41467-025-56657-5.dot,9294e7cd9765fedeb68b2fb71908b4789e3ce7778b0eee26c585e548869036eb,8063,29,30,NROOT,true,true
gpt_5_2:s41467-025-56667-3,gpt_5_2,s41467-025-56667-3,current_version,1.0,1.0,materialized_curated_relocation,dot/gpt_5_2/s41467-025-56667-3.dot,14191be021831d23f57241160819b69e18808ec108402206209747a01bffab29,15687,54,57,NROOT,true,true
gpt_5_2:s41467-025-56697-x,gpt_5_2,s41467-025-56697-x,current_version,1.0,1.0,materialized_curated_relocation,dot/gpt_5_2/s41467-025-56697-x.dot,4f7c65d46181a80059e165b7022124316916dacc5df8a1ce5dd7243a85ae5d25,6806,25,26,NROOT,true,true
gpt_5_2:s41467-025-56698-w,gpt_5_2,s41467-025-56698-w,current_version,1.0,1.0,materialized_curated_relocation,dot/gpt_5_2/s41467-025-56698-w.dot,6b408f6eb9e680992b9df2b8da8af7891b0b84a9ae525dbbeb1f0ac0ed47c8f1,8627,34,39,NROOT,true,true
gpt_5_2:s41467-025-56722-z,gpt_5_2,s41467-025-56722-z,current_version,1.0,1.0,materialized_curated_relocation,dot/gpt_5_2/s41467-025-56722-z.dot,6b6f2c9b394945c90692135670863010fd1c775f7db5727f65cb4fded5c50fda,6080,22,24,NROOT,true,true
gpt_5_2:s41467-025-56724-x,gpt_5_2,s41467-025-56724-x,current_version,1.0,1.0,materialized_curated_relocation,dot/gpt_5_2/s41467-025-56724-x.dot,814e400d8ff3b5d428f74d52490d9b1414cdae7c34d3ca14641dc06f219033bf,7572,30,36,NROOT,true,true
gpt_5_2:s41467-025-56729-6,gpt_5_2,s41467-025-56729-6,current_version,1.0,1.0,materialized_curated_relocation,dot/gpt_5_2/s41467-025-56729-6.dot,24e44740f3e3e341af633f6d34f2eb870d7f30f0619cccb5ea89ebbc01c0d6f3,12732,52,54,NROOT,true,true
gpt_5_2:s41467-025-56732-x,gpt_5_2,s41467-025-56732-x,current_version,1.0,1.0,materialized_curated_relocation,dot/gpt_5_2/s41467-025-56732-x.dot,56c3d5beb09dfa031c0015ebdefab54e61b5a0bc43e74ffc54e734b6f86e8f12,10374,37,42,NROOT,true,true
gpt_5_2:s41467-025-56734-9,gpt_5_2,s41467-025-56734-9,current_version,1.0,1.0,materialized_curated_relocation,dot/gpt_5_2/s41467-025-56734-9.dot,27379e73baf4679029837de08bff7ee7ac6968dce8f430d1d571eae5fa549099,6240,25,25,NROOT,true,true
gpt_5_2:s41467-025-56738-5,gpt_5_2,s41467-025-56738-5,current_version,1.0,1.0,materialized_curated_relocation,dot/gpt_5_2/s41467-025-56738-5.dot,90aa9521142f1469fc593e577f1b4149e2d85914337a10cad5779edfe1f50ca9,4666,21,20,NROOT,true,true
gpt_5_2:s41467-025-56739-4,gpt_5_2,s41467-025-56739-4,current_version,1.0,1.0,materialized_curated_relocation,dot/gpt_5_2/s41467-025-56739-4.dot,7bd651424891a29b3c88d93deaf371dda7980641b360c5a9c485054a12521417,5871,23,25,NROOT,true,true
gpt_5_2:s41467-025-56751-8,gpt_5_2,s41467-025-56751-8,current_version,1.0,1.0,materialized_curated_relocation,dot/gpt_5_2/s41467-025-56751-8.dot,64d4c1bda4767e57e3bea70effd927d9da89db1a49ce47987fa72e22564e100d,6508,28,33,NROOT,true,true
gpt_5_2:s41467-025-56757-2,gpt_5_2,s41467-025-56757-2,current_version,1.0,1.0,materialized_curated_relocation,dot/gpt_5_2/s41467-025-56757-2.dot,44f0e103bdda502d3b600d308abc2ae8122c1bc8665e5fbe2933b34ee3d97df3,8641,28,34,NROOT,true,true
gpt_5_2:s41467-025-56761-6,gpt_5_2,s41467-025-56761-6,current_version,1.0,1.0,materialized_curated_relocation,dot/gpt_5_2/s41467-025-56761-6.dot,0b8db5b8ec828ceca775f1f480c9c492e3bd08c2fa3d9164c31b322a93e1b6b2,4542,16,15,NROOT,true,true
gpt_5_2:s41467-025-56764-3,gpt_5_2,s41467-025-56764-3,current_version,1.0,1.0,materialized_curated_relocation,dot/gpt_5_2/s41467-025-56764-3.dot,41147272abed5a220fe690ee242e4f8bf312da079d49fc2dbaf68a4e7fa8d6fe,9059,38,42,NROOT,true,true
gpt_5_2:s41467-025-56765-2,gpt_5_2,s41467-025-56765-2,current_version,1.0,1.0,materialized_curated_relocation,dot/gpt_5_2/s41467-025-56765-2.dot,d7390ba7ec2c9d492742b03cd4fa25c820d422f8300350f956a82af0b5152a81,14597,56,62,NROOT,true,true
gpt_5_2:s41467-025-56769-y,gpt_5_2,s41467-025-56769-y,current_version,1.0,1.0,materialized_curated_relocation,dot/gpt_5_2/s41467-025-56769-y.dot,d75acb74d0dcbbf901ff55151d331a5f34ffa2fc0a37c8a2c6ff88ef98edf8c3,7724,27,30,NROOT,true,true
gpt_5_2:s41467-025-56776-z,gpt_5_2,s41467-025-56776-z,current_version,1.0,1.0,materialized_curated_relocation,dot/gpt_5_2/s41467-025-56776-z.dot,839e8c8e8b46bdb3f67c7bcaff99cc55fae538fc92216fa33d3b8177a2e2b803,6187,21,21,NROOT,true,true
gpt_5_2:s41467-025-56786-x,gpt_5_2,s41467-025-56786-x,current_version,1.0,1.0,materialized_curated_relocation,dot/gpt_5_2/s41467-025-56786-x.dot,6bb2dc7f8168c104c1465e66e655eb2118ebbbbfa9fded3cad35e39d98e47361,4917,22,21,NROOT,true,true
gpt_5_2:s41467-025-56787-w,gpt_5_2,s41467-025-56787-w,current_version,1.0,1.0,materialized_curated_relocation,dot/gpt_5_2/s41467-025-56787-w.dot,5123fb7ce6aa6a86918618fba992e9b4388f04e18269289d99a715fca0d41678,7777,34,39,NROOT,true,true
gpt_5_2:s41467-025-56795-w,gpt_5_2,s41467-025-56795-w,current_version,1.0,1.0,materialized_curated_relocation,dot/gpt_5_2/s41467-025-56795-w.dot,c376f0b4069c8e0e91034276f65ee0a6ac7e454832828075e1fe5f6481e9819e,5029,17,21,NROOT,true,true
gpt_5_2:s41467-025-56797-8,gpt_5_2,s41467-025-56797-8,current_version,1.0,1.0,materialized_curated_relocation,dot/gpt_5_2/s41467-025-56797-8.dot,e12f4f8c39abc144722ce658dda3d6261abeea3e9f6ff8aed326fceb873bc4d7,10820,37,43,NROOT,true,true
gpt_5_2:s41467-025-56798-7,gpt_5_2,s41467-025-56798-7,current_version,1.0,1.0,materialized_curated_relocation,dot/gpt_5_2/s41467-025-56798-7.dot,13da4a4afb38f3191157f17bf52cd9bec4eaa8984bbc7e598f6484d35fbb0131,10845,34,37,NROOT,true,true
gpt_5_2:s41467-025-56799-6,gpt_5_2,s41467-025-56799-6,current_version,1.0,1.0,materialized_curated_relocation,dot/gpt_5_2/s41467-025-56799-6.dot,b08e6a4f0ad2841b2cfd9c4a281f127ec7c4d5bf5a0a432ed0ea04863eae2120,5528,19,20,NROOT,true,true
gpt_5_2:s41467-025-56814-w,gpt_5_2,s41467-025-56814-w,current_version,1.0,1.0,materialized_curated_relocation,dot/gpt_5_2/s41467-025-56814-w.dot,5c91093e0c292353a6dd82f3bfc4fe6086d8a86c65cb6e77b311a27da6046841,5148,19,18,NROOT,true,true
gpt_5_2:s41467-025-56815-9,gpt_5_2,s41467-025-56815-9,current_version,1.0,1.0,materialized_curated_relocation,dot/gpt_5_2/s41467-025-56815-9.dot,fb588caff61b3179fa3063d2bfdb87c36c6fc91dc3e4e9a775311072454397f4,15109,47,50,NROOT,true,true
gpt_5_2:s41467-025-56819-5,gpt_5_2,s41467-025-56819-5,current_version,1.0,1.0,materialized_curated_relocation,dot/gpt_5_2/s41467-025-56819-5.dot,bbfae45366ef64cfd81d680ee29c963d46274c552f84eec51084958bafc2a795,19549,69,97,NROOT,true,true
gpt_5_2:s41467-025-56821-x,gpt_5_2,s41467-025-56821-x,current_version,1.0,1.0,materialized_curated_relocation,dot/gpt_5_2/s41467-025-56821-x.dot,b975935c58631097598e0cd2549981af45f5a9a0fd7fb8b590b42af24a746f02,5623,20,21,NROOT,true,true
gpt_5_2:s41467-025-56822-w,gpt_5_2,s41467-025-56822-w,current_version,1.0,1.0,materialized_curated_relocation,dot/gpt_5_2/s41467-025-56822-w.dot,7e4809e2425e05e5771250ff056fd3091029f51745e04e55e2cc90b8945e3deb,4002,15,16,NROOT,true,true
gpt_5_2:s41467-025-56842-6,gpt_5_2,s41467-025-56842-6,current_version,1.0,1.0,materialized_curated_relocation,dot/gpt_5_2/s41467-025-56842-6.dot,88c107d2b9fa587c2f5f35bc7f8321ed1863d07cca156c2ea8ba3f26ef8e78d9,13041,49,48,NROOT,true,true
gpt_5_2:s41467-025-56846-2,gpt_5_2,s41467-025-56846-2,current_version,1.0,1.0,materialized_curated_relocation,dot/gpt_5_2/s41467-025-56846-2.dot,8b8bd51c2d19a516897b427a0960e3f5ff8ea449bd1e83823e9514600ea50046,13967,48,52,NROOT,true,true
gpt_5_2:s41467-025-56850-6,gpt_5_2,s41467-025-56850-6,current_version,1.0,1.0,materialized_curated_relocation,dot/gpt_5_2/s41467-025-56850-6.dot,03b8f994bc563147c45c017df186012c13c888b31b35a1b236b2d3434f3a30f5,13535,60,69,NROOT,true,true
gpt_5_2:s41467-025-56852-4,gpt_5_2,s41467-025-56852-4,current_version,1.0,1.0,materialized_curated_relocation,dot/gpt_5_2/s41467-025-56852-4.dot,2dc562fb243dd40ef6f2a9394ffd0ee92af625856623a5a0359f8308ce923632,2387,8,7,NROOT,true,true
gpt_5_2:s41467-025-56853-3,gpt_5_2,s41467-025-56853-3,current_version,1.0,1.0,materialized_curated_relocation,dot/gpt_5_2/s41467-025-56853-3.dot,6510d25cc8ec83f4bd3f74119484f5966bd897142bb6c79ea7c270440a608142,7924,28,30,NROOT,true,true
gpt_5_2:s41467-025-56856-0,gpt_5_2,s41467-025-56856-0,current_version,1.0,1.0,materialized_curated_relocation,dot/gpt_5_2/s41467-025-56856-0.dot,8defc7c0056ceb00627536609fc0e77d603fc831ffb4dbbd439c98a7373152e1,7005,25,28,NROOT,true,true
gpt_5_2:s41467-025-56857-z,gpt_5_2,s41467-025-56857-z,current_version,1.0,1.0,materialized_curated_relocation,dot/gpt_5_2/s41467-025-56857-z.dot,1e46f4929795c9f82eb3e6208339cd527e3074df6e74a57498e01ea9fed3b82b,6728,27,29,NROOT,true,true
gpt_5_2:s41467-025-56858-y,gpt_5_2,s41467-025-56858-y,current_version,1.0,1.0,materialized_curated_relocation,dot/gpt_5_2/s41467-025-56858-y.dot,87320fdad10b122219d4f06ab3af62835cf7c2686b7d993ee444c1ae53a2c932,15514,56,67,NROOT,true,true
gpt_5_2:s41467-025-56871-1,gpt_5_2,s41467-025-56871-1,current_version,1.0,1.0,materialized_curated_relocation,dot/gpt_5_2/s41467-025-56871-1.dot,b25f1126cad7898fd3e95f8d1065c427bf9502cb1917c2647c5a364d41773e3a,5687,21,28,NROOT,true,true
gpt_5_2:s41467-025-56873-z,gpt_5_2,s41467-025-56873-z,current_version,1.0,1.0,materialized_curated_relocation,dot/gpt_5_2/s41467-025-56873-z.dot,d9f1a022d34df626b521888fd972a48bdd292d1db4fb9354e5aeaeccc43f5764,10032,35,37,NROOT,true,true
gpt_5_2:s41467-025-56877-9,gpt_5_2,s41467-025-56877-9,current_version,1.0,1.0,materialized_curated_relocation,dot/gpt_5_2/s41467-025-56877-9.dot,f8a6f7b6ccee7992f88d69b5f870ca2924197d81244a625f38168617f1e9c542,23409,83,109,NROOT,true,true
gpt_5_2:s41467-025-56880-0,gpt_5_2,s41467-025-56880-0,current_version,1.0,1.0,materialized_curated_relocation,dot/gpt_5_2/s41467-025-56880-0.dot,43efd346cd23b69a8c4562a6ad8eddb76efe9a78b25503dfcf3a0d05c5133be1,5600,20,21,NROOT,true,true
gpt_5_2:s41467-025-56882-y,gpt_5_2,s41467-025-56882-y,current_version,1.0,1.0,materialized_curated_relocation,dot/gpt_5_2/s41467-025-56882-y.dot,2dde0f027e5248b746b159faed1c39c0554a4554ac66e2a979c051df4a834516,5249,20,19,NROOT,true,true
gpt_5_2:s41467-025-56887-7,gpt_5_2,s41467-025-56887-7,current_version,1.0,1.0,materialized_curated_relocation,dot/gpt_5_2/s41467-025-56887-7.dot,a6a3edd3a81066e945178b19978f08e7f7447ead2856fb5fd89f8201a6a7d4ac,8791,32,31,NROOT,true,true
gpt_5_2:s41467-025-56897-5,gpt_5_2,s41467-025-56897-5,current_version,1.0,1.0,materialized_curated_relocation,dot/gpt_5_2/s41467-025-56897-5.dot,7f95ab9b8f920f6e4f45f9ab66903011609bd3c11acf3acf46e256c616fd1c5c,10194,37,37,NROOT,true,true
gpt_5_2:s41467-025-56902-x,gpt_5_2,s41467-025-56902-x,current_version,1.0,1.0,materialized_curated_relocation,dot/gpt_5_2/s41467-025-56902-x.dot,bd8327e91bfcf2630bfc35f00548eb84825089c17a1a26c4accaf4d993d4d0e7,5880,22,23,NROOT,true,true
gpt_5_2:s41467-025-56912-9,gpt_5_2,s41467-025-56912-9,current_version,1.0,1.0,materialized_curated_relocation,dot/gpt_5_2/s41467-025-56912-9.dot,bfda73fb070e4c161516ff3ac1ac58ef4210eb9668d6289677477113cf291ee9,9461,34,36,NROOT,true,true
gpt_5_2:s41467-025-56921-8,gpt_5_2,s41467-025-56921-8,current_version,1.0,1.0,direct,dot/gpt_5_2/s41467-025-56921-8.dot,d0a8373b74b38200207e96072e7c2cae49b82a720b96edffe91ce2a7f1e8e119,8862,33,36,NROOT,true,true
gpt_5_2:s41467-025-56941-4,gpt_5_2,s41467-025-56941-4,current_version,1.0,1.0,materialized_curated_relocation,dot/gpt_5_2/s41467-025-56941-4.dot,d7c49d864eb4176fd3904640241dcb030b18970e222301f41b35ac929641a518,12334,41,46,NROOT,true,true
gpt_5_2:s41467-025-56945-0,gpt_5_2,s41467-025-56945-0,current_version,1.0,1.0,materialized_curated_relocation,dot/gpt_5_2/s41467-025-56945-0.dot,6acaf48eb496c2410aa9cef7debdd971c95e85163a39c24962ba35fefe1950f5,15186,55,69,NROOT,true,true
gpt_5_2:s41467-025-56992-7,gpt_5_2,s41467-025-56992-7,current_version,1.0,1.0,direct,dot/gpt_5_2/s41467-025-56992-7.dot,e39de9d7a295fb93729a5fe97ce375ea73a49320d524c85a032556832c65ae80,6143,23,24,NROOT,true,true
gpt_5_2:s41467-025-57012-4,gpt_5_2,s41467-025-57012-4,current_version,1.0,1.0,materialized_curated_relocation,dot/gpt_5_2/s41467-025-57012-4.dot,c96ad9ef53d5baa8b484107a10ec787942ab80d7bdd5e1938ee6148f44938061,8121,32,36,NROOT,true,true
grok_4_1_thinking:s41467-025-55907-w,grok_4_1_thinking,s41467-025-55907-w,current_version,1.0,1.0,materialized_curated_relocation,dot/grok_4_1_thinking/s41467-025-55907-w.dot,687bb9745085c3006304bdc3f9ad1e9240d80810ecd28deaf4822e15b750f54b,4723,16,19,NROOT,true,true
grok_4_1_thinking:s41467-025-55999-4,grok_4_1_thinking,s41467-025-55999-4,current_version,1.0,1.0,materialized_curated_relocation,dot/grok_4_1_thinking/s41467-025-55999-4.dot,86c03aa5cfd3168f161cca018c976ccd3b58213144c86b30d56ad081b136961d,7028,25,24,NROOT,true,true
grok_4_1_thinking:s41467-025-56034-2,grok_4_1_thinking,s41467-025-56034-2,current_version,1.0,1.0,materialized_curated_relocation,dot/grok_4_1_thinking/s41467-025-56034-2.dot,517b7017da03246789eb88db2bec2be1508bc6b3ebe6b48051ea67aa9ede96dd,6708,19,18,NROOT,true,true
grok_4_1_thinking:s41467-025-56075-7,grok_4_1_thinking,s41467-025-56075-7,current_version,1.0,1.0,materialized_curated_relocation,dot/grok_4_1_thinking/s41467-025-56075-7.dot,39e6abe669b291e7cf16a03f3737e529ff97368ca115555ae7fd8abed1e60a6f,8605,26,25,NROOT,true,true
grok_4_1_thinking:s41467-025-56106-3,grok_4_1_thinking,s41467-025-56106-3,current_version,1.0,1.0,materialized_curated_relocation,dot/grok_4_1_thinking/s41467-025-56106-3.dot,45d9a8955e8a2d21511d8d438b2722114ae9d51f6eae3dfa48523a39052f2eea,3321,11,10,NROOT,true,true
grok_4_1_thinking:s41467-025-56250-w,grok_4_1_thinking,s41467-025-56250-w,current_version,1.0,1.0,materialized_curated_relocation,dot/grok_4_1_thinking/s41467-025-56250-w.dot,4c0963c1cf67b3d985253b04adc0c49318ed02fcd044b24a79d45b652db5ee25,3021,11,10,NROOT,true,true
grok_4_1_thinking:s41467-025-56283-1,grok_4_1_thinking,s41467-025-56283-1,current_version,1.0,1.0,direct,dot/grok_4_1_thinking/s41467-025-56283-1.dot,b873393da5bacf25e56a4c36b332569d40f3a6f0de534577b246648be0306223,3455,13,12,NROOT,true,true
grok_4_1_thinking:s41467-025-56295-x,grok_4_1_thinking,s41467-025-56295-x,current_version,1.0,1.0,materialized_curated_relocation,dot/grok_4_1_thinking/s41467-025-56295-x.dot,c492eecaf5a037fbb6d15490e4b7817d0f79b76d24fc6739ee7b42a6dfa530ce,7708,23,22,NROOT,true,true
grok_4_1_thinking:s41467-025-56359-y,grok_4_1_thinking,s41467-025-56359-y,current_version,1.0,1.0,materialized_curated_relocation,dot/grok_4_1_thinking/s41467-025-56359-y.dot,acc6f36a914ad39664022aaf60cc65073828660ca814a6212564e01ec5c4f0f6,3856,12,12,NROOT,true,true
grok_4_1_thinking:s41467-025-56394-9,grok_4_1_thinking,s41467-025-56394-9,current_version,1.0,1.0,materialized_curated_relocation,dot/grok_4_1_thinking/s41467-025-56394-9.dot,cc0314e03c2f24f5e5de701eaccd0b10f46a49191a5c823cda06b140df7c14cb,9657,41,42,NROOT,true,true
grok_4_1_thinking:s41467-025-56413-9,grok_4_1_thinking,s41467-025-56413-9,current_version,1.0,1.0,materialized_curated_relocation,dot/grok_4_1_thinking/s41467-025-56413-9.dot,51808f9e970b7bc83f2b5e44c418b638c20b4677dc29b498b80b838a6c0bbe3d,4403,11,10,NROOT,true,true
grok_4_1_thinking:s41467-025-56522-5,grok_4_1_thinking,s41467-025-56522-5,current_version,1.0,1.0,materialized_curated_relocation,dot/grok_4_1_thinking/s41467-025-56522-5.dot,3acbad4a7c5c9d74e55ab32e1ee3fc6273e0357c6d41d420e247e009c7311886,6212,21,21,NROOT,true,true
grok_4_1_thinking:s41467-025-56609-z,grok_4_1_thinking,s41467-025-56609-z,current_version,1.0,1.0,materialized_curated_relocation,dot/grok_4_1_thinking/s41467-025-56609-z.dot,93b08eec00e7adf4291e52a8056984d7b004cd04c7e4b7e3c69e532a62c01cde,9439,31,30,NROOT,true,true
grok_4_1_thinking:s41467-025-56611-5,grok_4_1_thinking,s41467-025-56611-5,current_version,1.0,1.0,direct,dot/grok_4_1_thinking/s41467-025-56611-5.dot,976e8552e91bbd3790a969caf0e76ff2a8c468f92f0ff24be8d80ea954de1c0b,2880,12,11,NROOT,true,true
grok_4_1_thinking:s41467-025-56616-0,grok_4_1_thinking,s41467-025-56616-0,current_version,1.0,1.0,direct,dot/grok_4_1_thinking/s41467-025-56616-0.dot,d065b1e5745c266c1c19796100181da53fa809cd81aecd4ae8fcb0015c759035,5164,15,14,NROOT,true,true
grok_4_1_thinking:s41467-025-56618-y,grok_4_1_thinking,s41467-025-56618-y,current_version,1.0,1.0,materialized_curated_relocation,dot/grok_4_1_thinking/s41467-025-56618-y.dot,1bfab9328c0a093485633e13b2275f5488a29eb8857675404b597c2d803f5aea,7601,23,25,NROOT,true,true
grok_4_1_thinking:s41467-025-56622-2,grok_4_1_thinking,s41467-025-56622-2,current_version,1.0,1.0,materialized_curated_relocation,dot/grok_4_1_thinking/s41467-025-56622-2.dot,2888c775500a34150c4818cc4dc56a2f847c28bf9c892555c89f7e450ebc16b9,12310,54,53,NROOT,true,true
grok_4_1_thinking:s41467-025-56635-x,grok_4_1_thinking,s41467-025-56635-x,current_version,1.0,1.0,materialized_curated_relocation,dot/grok_4_1_thinking/s41467-025-56635-x.dot,190e3a016dafb189a2a83e0653b6ed975a46bf7d299e048d61b9307f8201debb,3994,12,11,NROOT,true,true
grok_4_1_thinking:s41467-025-56641-z,grok_4_1_thinking,s41467-025-56641-z,current_version,1.0,1.0,materialized_curated_relocation,dot/grok_4_1_thinking/s41467-025-56641-z.dot,eee54573329641716937c1e621f1617f0065673eb768a8cf2849633020347d17,6452,20,19,NROOT,true,true
grok_4_1_thinking:s41467-025-56657-5,grok_4_1_thinking,s41467-025-56657-5,current_version,1.0,1.0,materialized_curated_relocation,dot/grok_4_1_thinking/s41467-025-56657-5.dot,8d670e416e41a762d468079e5a1e89d47a34b1a986ed026f096d74cc9ccb4993,7029,26,26,NROOT,true,true
grok_4_1_thinking:s41467-025-56667-3,grok_4_1_thinking,s41467-025-56667-3,current_version,1.0,1.0,materialized_curated_relocation,dot/grok_4_1_thinking/s41467-025-56667-3.dot,ed86a791c446c34cb64bf85a572b714abd1d5993ac6b16258234ebb7da41ab8d,3281,8,7,NROOT,true,true
grok_4_1_thinking:s41467-025-56697-x,grok_4_1_thinking,s41467-025-56697-x,current_version,1.0,1.0,materialized_curated_relocation,dot/grok_4_1_thinking/s41467-025-56697-x.dot,90f6041be9330d6da44c4e082bddf9bd43def9860609b56df79c9a0c8f75fc81,5627,15,15,NROOT,true,true
grok_4_1_thinking:s41467-025-56698-w,grok_4_1_thinking,s41467-025-56698-w,current_version,1.0,1.0,materialized_curated_relocation,dot/grok_4_1_thinking/s41467-025-56698-w.dot,58a64b2555773599f8807e5747c6b029b9690a8642496dc8c02812675cda1e7b,6947,19,18,NROOT,true,true
grok_4_1_thinking:s41467-025-56722-z,grok_4_1_thinking,s41467-025-56722-z,current_version,1.0,1.0,materialized_curated_relocation,dot/grok_4_1_thinking/s41467-025-56722-z.dot,c1782c23e5f3690537fa9d6349f5d4fb621c83a3269e731d5d6a81f22dfb1f52,7374,23,23,NROOT,true,true
grok_4_1_thinking:s41467-025-56724-x,grok_4_1_thinking,s41467-025-56724-x,current_version,1.0,1.0,materialized_curated_relocation,dot/grok_4_1_thinking/s41467-025-56724-x.dot,131fc190fd05d7f8ad0ac8c3875e99a0bbfcd525ba9e28de30845458b554df51,7881,26,25,NROOT,true,true
grok_4_1_thinking:s41467-025-56729-6,grok_4_1_thinking,s41467-025-56729-6,current_version,1.0,1.0,materialized_curated_relocation,dot/grok_4_1_thinking/s41467-025-56729-6.dot,bfd1fb3b14e9ef03299fcbfd28e797c73d33eacda8ecfd9455a96813c11654b1,3526,12,11,NROOT,true,true
grok_4_1_thinking:s41467-025-56732-x,grok_4_1_thinking,s41467-025-56732-x,current_version,1.0,1.0,materialized_curated_relocation,dot/grok_4_1_thinking/s41467-025-56732-x.dot,acd640c9f47feaeec51641a26d9a6ecd12d2e165b18c3f151efde711eb9da684,10338,33,35,NROOT,true,true
grok_4_1_thinking:s41467-025-56734-9,grok_4_1_thinking,s41467-025-56734-9,current_version,1.0,1.0,materialized_curated_relocation,dot/grok_4_1_thinking/s41467-025-56734-9.dot,8864080a4520553b7f4e457b585bdff7aaa294e364e2dd70d7d590437f872f69,5194,18,22,NROOT,true,true
grok_4_1_thinking:s41467-025-56738-5,grok_4_1_thinking,s41467-025-56738-5,current_version,1.0,1.0,materialized_curated_relocation,dot/grok_4_1_thinking/s41467-025-56738-5.dot,1f5085267889b7a48ee6f964bc8a7f7d8a479806cacf1e75e0f383720fc7a2a6,8251,25,24,NROOT,true,true
grok_4_1_thinking:s41467-025-56739-4,grok_4_1_thinking,s41467-025-56739-4,current_version,1.0,1.0,materialized_curated_relocation,dot/grok_4_1_thinking/s41467-025-56739-4.dot,3471df0235f652c40e352a8f83d5bad3ea474528f2e33a1ecd3bd2c63148eb46,8768,26,25,NROOT,true,true
grok_4_1_thinking:s41467-025-56751-8,grok_4_1_thinking,s41467-025-56751-8,current_version,1.0,1.0,materialized_curated_relocation,dot/grok_4_1_thinking/s41467-025-56751-8.dot,2a77bed6e416eda3778f1c768fa3e6f1f4759650a6d8eadc79a9a9d65a72b0ce,4324,19,21,NROOT,true,true
grok_4_1_thinking:s41467-025-56757-2,grok_4_1_thinking,s41467-025-56757-2,current_version,1.0,1.0,materialized_curated_relocation,dot/grok_4_1_thinking/s41467-025-56757-2.dot,751e305e7c0e07d8d015389f62678b6429ac2cf4d0ca6c9528e0290c95ff8fa7,8974,29,28,NROOT,true,true
grok_4_1_thinking:s41467-025-56761-6,grok_4_1_thinking,s41467-025-56761-6,current_version,1.0,1.0,materialized_curated_relocation,dot/grok_4_1_thinking/s41467-025-56761-6.dot,586df5872f9480cc4e06c06cf5d338ccbe16bdaea36833df60c7063777c654fb,6083,16,16,NROOT,true,true
grok_4_1_thinking:s41467-025-56764-3,grok_4_1_thinking,s41467-025-56764-3,current_version,1.0,1.0,materialized_curated_relocation,dot/grok_4_1_thinking/s41467-025-56764-3.dot,ffc0250a556298c9b4269fc97b38ffaa0fcd7644904a32377d695b18fd3d0dac,12334,47,50,NROOT,true,true
grok_4_1_thinking:s41467-025-56765-2,grok_4_1_thinking,s41467-025-56765-2,current_version,1.0,1.0,materialized_curated_relocation,dot/grok_4_1_thinking/s41467-025-56765-2.dot,91139d908b1fceac8cf0a1c545194b6b4bc74bd9038a0aca88399285f2cdf0ef,1620,5,4,NROOT,true,true
grok_4_1_thinking:s41467-025-56769-y,grok_4_1_thinking,s41467-025-56769-y,current_version,1.0,1.0,materialized_curated_relocation,dot/grok_4_1_thinking/s41467-025-56769-y.dot,20d5b88d08ad595f127dd088506b1e2948b9f6dbd683e84be1ae7587d006f522,6131,21,20,NROOT,true,true
grok_4_1_thinking:s41467-025-56776-z,grok_4_1_thinking,s41467-025-56776-z,current_version,1.0,1.0,materialized_curated_relocation,dot/grok_4_1_thinking/s41467-025-56776-z.dot,557025edc6b63413e441c36c5c0510ef79e1e0d8ffb82b1328098e9ff2ba5733,9140,28,27,NROOT,true,true
grok_4_1_thinking:s41467-025-56786-x,grok_4_1_thinking,s41467-025-56786-x,current_version,1.0,1.0,direct,dot/grok_4_1_thinking/s41467-025-56786-x.dot,925695aace91f70aa78513da67274e4d03a8c0364b08e4114761d54aab43875b,2583,10,9,NROOT,true,true
grok_4_1_thinking:s41467-025-56787-w,grok_4_1_thinking,s41467-025-56787-w,current_version,1.0,1.0,materialized_curated_relocation,dot/grok_4_1_thinking/s41467-025-56787-w.dot,b50093a810a2f6f67ef8e2de72677595ad099ec0e637f8f3eb33a3c1069aa30b,4337,13,12,NROOT,true,true
grok_4_1_thinking:s41467-025-56795-w,grok_4_1_thinking,s41467-025-56795-w,current_version,1.0,1.0,materialized_curated_relocation,dot/grok_4_1_thinking/s41467-025-56795-w.dot,06587ec11f814a48a9ce96beca341861c5901017e731e9fa4dd56b62cb13d39d,7006,17,17,NROOT,true,true
grok_4_1_thinking:s41467-025-56797-8,grok_4_1_thinking,s41467-025-56797-8,current_version,1.0,1.0,direct,dot/grok_4_1_thinking/s41467-025-56797-8.dot,6ecfbf8f2bd797b9544accd0b7ebaf31ec71f160ef7486299b726810920cb086,2338,10,9,NROOT,true,true
grok_4_1_thinking:s41467-025-56798-7,grok_4_1_thinking,s41467-025-56798-7,current_version,1.0,1.0,materialized_curated_relocation,dot/grok_4_1_thinking/s41467-025-56798-7.dot,df69b43b668a7596882adbcda7d270c4bc2acde874191702809f9bd8ebe6ba47,8574,28,27,NROOT,true,true
grok_4_1_thinking:s41467-025-56799-6,grok_4_1_thinking,s41467-025-56799-6,current_version,1.0,1.0,materialized_curated_relocation,dot/grok_4_1_thinking/s41467-025-56799-6.dot,e7f2269325e02111251dfd5ab115801c2fcad9d4de65f2da9bab17875c09b34a,4244,11,10,NROOT,true,true
grok_4_1_thinking:s41467-025-56814-w,grok_4_1_thinking,s41467-025-56814-w,current_version,1.0,1.0,direct,dot/grok_4_1_thinking/s41467-025-56814-w.dot,b2eec8ba67da6c35673b71bdcb96a4c689152645de7c391e18d4e98aabb052ee,7806,25,24,NROOT,true,true
grok_4_1_thinking:s41467-025-56815-9,grok_4_1_thinking,s41467-025-56815-9,current_version,1.0,1.0,materialized_curated_relocation,dot/grok_4_1_thinking/s41467-025-56815-9.dot,2a6b3f4807205d39ff648fca92452616c8983770f1a1c4b7c39e64a2c6acdd12,7749,29,28,NROOT,true,true
grok_4_1_thinking:s41467-025-56819-5,grok_4_1_thinking,s41467-025-56819-5,current_version,1.0,1.0,direct,dot/grok_4_1_thinking/s41467-025-56819-5.dot,78e6ba4804382382fecc74dad2f437820966a3a73cd81c262c50f11b1e579850,3492,12,11,NROOT,true,true
grok_4_1_thinking:s41467-025-56821-x,grok_4_1_thinking,s41467-025-56821-x,current_version,1.0,1.0,materialized_curated_relocation,dot/grok_4_1_thinking/s41467-025-56821-x.dot,85b039fa82763ec581e95f6dc8740713af0ca4b073b18ce722103e1618d96a29,5375,18,19,NROOT,true,true
grok_4_1_thinking:s41467-025-56822-w,grok_4_1_thinking,s41467-025-56822-w,current_version,1.0,1.0,materialized_curated_relocation,dot/grok_4_1_thinking/s41467-025-56822-w.dot,dd40271c10407f58a2851fac5451046008a07a4c099b83b4ee7073dfad4cee3f,8466,30,34,NROOT,true,true
grok_4_1_thinking:s41467-025-56842-6,grok_4_1_thinking,s41467-025-56842-6,current_version,1.0,1.0,materialized_curated_relocation,dot/grok_4_1_thinking/s41467-025-56842-6.dot,96a4724892f08712c01e8fccf51338a48711d62050fbfa5ced3c39cb0082bea0,5107,19,18,NROOT,true,true
grok_4_1_thinking:s41467-025-56846-2,grok_4_1_thinking,s41467-025-56846-2,current_version,1.0,1.0,materialized_curated_relocation,dot/grok_4_1_thinking/s41467-025-56846-2.dot,14378d10da622f4ff014cae8973b38bc2dcbdb54bf3cbdb3ad856262f21a3c45,2382,8,7,NROOT,true,true
grok_4_1_thinking:s41467-025-56850-6,grok_4_1_thinking,s41467-025-56850-6,current_version,1.0,1.0,materialized_curated_relocation,dot/grok_4_1_thinking/s41467-025-56850-6.dot,ca7ad6d2f5a5889032f23ed3861bbd2d3e43fb3488114ea734202764bf7e6e58,3817,14,13,NROOT,true,true
grok_4_1_thinking:s41467-025-56852-4,grok_4_1_thinking,s41467-025-56852-4,current_version,1.0,1.0,materialized_curated_relocation,dot/grok_4_1_thinking/s41467-025-56852-4.dot,9577de8dbbf380730071c9c1dfb3061e7b368225566b27a00345236a35df5008,7987,27,26,NROOT,true,true
grok_4_1_thinking:s41467-025-56853-3,grok_4_1_thinking,s41467-025-56853-3,current_version,1.0,1.0,direct,dot/grok_4_1_thinking/s41467-025-56853-3.dot,f80c56708f4599d08387ac0082dbd33e280a05c822d7b41f5f504bb3f1bb2814,3157,11,10,NROOT,true,true
grok_4_1_thinking:s41467-025-56856-0,grok_4_1_thinking,s41467-025-56856-0,current_version,1.0,1.0,materialized_curated_relocation,dot/grok_4_1_thinking/s41467-025-56856-0.dot,d103c7a0189c8056163a0b991235daca44c261343d4b630b5cd23077e4f21593,5475,21,20,NROOT,true,true
grok_4_1_thinking:s41467-025-56857-z,grok_4_1_thinking,s41467-025-56857-z,current_version,1.0,1.0,materialized_curated_relocation,dot/grok_4_1_thinking/s41467-025-56857-z.dot,341ec5692c1c54ad5978357bbe71f98eec1e92dee2d3c939f4d5b6eddb8d3f65,8466,23,32,NROOT,true,true
grok_4_1_thinking:s41467-025-56858-y,grok_4_1_thinking,s41467-025-56858-y,current_version,1.0,1.0,materialized_curated_relocation,dot/grok_4_1_thinking/s41467-025-56858-y.dot,f674867f122bc0f610483ac5de2c4a2b20090c32563c66eb32f47e2e5358a2e8,5537,15,14,NROOT,true,true
grok_4_1_thinking:s41467-025-56871-1,grok_4_1_thinking,s41467-025-56871-1,current_version,1.0,1.0,materialized_curated_relocation,dot/grok_4_1_thinking/s41467-025-56871-1.dot,3e7c5b4ac93eb93700cb82bddca0b611419173b5c0fa964f6014a14f3b1133cb,3886,14,13,NROOT,true,true
grok_4_1_thinking:s41467-025-56873-z,grok_4_1_thinking,s41467-025-56873-z,current_version,1.0,1.0,direct,dot/grok_4_1_thinking/s41467-025-56873-z.dot,f15ca8902fbb0dcda29cc7f1914b9513677bb9e6c883bd6b06b776e1c53bbeb6,5536,19,18,NROOT,true,true
grok_4_1_thinking:s41467-025-56877-9,grok_4_1_thinking,s41467-025-56877-9,current_version,1.0,1.0,materialized_curated_relocation,dot/grok_4_1_thinking/s41467-025-56877-9.dot,ab7c5d1135635e9ea73a68832e0308210bc91deeb78c9e4fb954bc876d1d3bde,7147,23,23,NROOT,true,true
grok_4_1_thinking:s41467-025-56880-0,grok_4_1_thinking,s41467-025-56880-0,current_version,1.0,1.0,materialized_curated_relocation,dot/grok_4_1_thinking/s41467-025-56880-0.dot,e236220bb63b8745f0bce9c1db4397533654a61da66273a396397a8b6e543ffe,4304,17,16,NROOT,true,true
grok_4_1_thinking:s41467-025-56882-y,grok_4_1_thinking,s41467-025-56882-y,current_version,1.0,1.0,direct,dot/grok_4_1_thinking/s41467-025-56882-y.dot,58de49d817dfada99c1e8f965d32b125826118b8df10ea9a290efed81f45156f,3260,14,13,NROOT,true,true
grok_4_1_thinking:s41467-025-56887-7,grok_4_1_thinking,s41467-025-56887-7,current_version,1.0,1.0,direct,dot/grok_4_1_thinking/s41467-025-56887-7.dot,106481b968cf64342300f064b6768b7605fadc3b649b1da12e9a376161400e53,3083,11,10,NROOT,true,true
grok_4_1_thinking:s41467-025-56897-5,grok_4_1_thinking,s41467-025-56897-5,current_version,1.0,1.0,materialized_curated_relocation,dot/grok_4_1_thinking/s41467-025-56897-5.dot,616c94c39e9b4ea2258b9aa3464bed0d18abfb70b49a2d0c07f1b52c7ce4523b,3312,11,10,NROOT,true,true
grok_4_1_thinking:s41467-025-56902-x,grok_4_1_thinking,s41467-025-56902-x,current_version,1.0,1.0,materialized_curated_relocation,dot/grok_4_1_thinking/s41467-025-56902-x.dot,167c4e62c4296277635262234df8f1d5bc6c0132efdfb053b23238220473ad49,4943,13,13,NROOT,true,true
grok_4_1_thinking:s41467-025-56912-9,grok_4_1_thinking,s41467-025-56912-9,current_version,1.0,1.0,materialized_curated_relocation,dot/grok_4_1_thinking/s41467-025-56912-9.dot,95fb72155bd7953b6e4d0720e22853b3531a75f110215a79ee21aef861c3f8b5,9348,37,36,NROOT,true,true
grok_4_1_thinking:s41467-025-56921-8,grok_4_1_thinking,s41467-025-56921-8,current_version,1.0,1.0,materialized_curated_relocation,dot/grok_4_1_thinking/s41467-025-56921-8.dot,db7b58157ce39e2e8643c4a88925ec6ff65f6af58e4010fd560982c3b11217ba,8927,35,37,NROOT,true,true
grok_4_1_thinking:s41467-025-56941-4,grok_4_1_thinking,s41467-025-56941-4,current_version,1.0,1.0,materialized_curated_relocation,dot/grok_4_1_thinking/s41467-025-56941-4.dot,dd2493d79574b015c3b4aadb9d746a93c7c0e124f4d565dc66cf3f8ce19ac49a,8794,32,31,NROOT,true,true
grok_4_1_thinking:s41467-025-56945-0,grok_4_1_thinking,s41467-025-56945-0,current_version,1.0,1.0,materialized_curated_relocation,dot/grok_4_1_thinking/s41467-025-56945-0.dot,ed0a68f0bccfb34628816fb3a690a0867bf8f1f93c1e9d8b7034b5bc339d26ab,13586,52,55,NROOT,true,true
grok_4_1_thinking:s41467-025-56992-7,grok_4_1_thinking,s41467-025-56992-7,current_version,1.0,1.0,materialized_curated_relocation,dot/grok_4_1_thinking/s41467-025-56992-7.dot,4b0c42c3ff9a87141762ab0dce942fd4701a881d9053533300397a9726b73d2d,3289,9,8,NROOT,true,true
grok_4_1_thinking:s41467-025-57012-4,grok_4_1_thinking,s41467-025-57012-4,current_version,1.0,1.0,materialized_curated_relocation,dot/grok_4_1_thinking/s41467-025-57012-4.dot,e5716c527c11a6c47e98bdc72657c704aa65c9d83bb41549c04b8b2ef3933116,7173,27,26,NROOT,true,true
qwen3_5_397b_a17b:s41467-025-55907-w,qwen3_5_397b_a17b,s41467-025-55907-w,current_version,1.0,1.0,materialized_curated_relocation,dot/qwen3_5_397b_a17b/s41467-025-55907-w.dot,d3f103a8ee1557d0430f3db1b37248b511795548b1e3bed5e16ba9d4c4e0b10e,6185,29,30,NROOT,true,true
qwen3_5_397b_a17b:s41467-025-55999-4,qwen3_5_397b_a17b,s41467-025-55999-4,current_version,1.0,1.0,materialized_curated_relocation,dot/qwen3_5_397b_a17b/s41467-025-55999-4.dot,9c1074cde8bc4af73bf05a78ce44c393a07d70b0de748ad5c008ce6bef0b8e53,7200,34,36,NROOT,true,true
qwen3_5_397b_a17b:s41467-025-56034-2,qwen3_5_397b_a17b,s41467-025-56034-2,current_version,1.0,1.0,materialized_curated_relocation,dot/qwen3_5_397b_a17b/s41467-025-56034-2.dot,c6c55269c208232172a36a2b182393bfa658316684bf4478a1b00d6352cac0dd,7565,42,44,NROOT,true,true
qwen3_5_397b_a17b:s41467-025-56075-7,qwen3_5_397b_a17b,s41467-025-56075-7,current_version,1.0,1.0,materialized_curated_relocation,dot/qwen3_5_397b_a17b/s41467-025-56075-7.dot,8ace45d1342a51b08c595a299f9ba573e06b32398a30c87aaafb6c72bf869e34,3673,13,12,NROOT,true,true
qwen3_5_397b_a17b:s41467-025-56106-3,qwen3_5_397b_a17b,s41467-025-56106-3,current_version,1.0,1.0,direct,dot/qwen3_5_397b_a17b/s41467-025-56106-3.dot,0b3bb9c479e38364ef5de89247072e16541cc533f96ea003245e5fa2fef3f316,4221,17,16,NROOT,true,true
qwen3_5_397b_a17b:s41467-025-56250-w,qwen3_5_397b_a17b,s41467-025-56250-w,current_version,1.0,1.0,materialized_curated_relocation,dot/qwen3_5_397b_a17b/s41467-025-56250-w.dot,99e3bc2bb6cf714fcfc3c6bebee759ae32ac34933dbc404266ef100a975eae2f,3940,19,18,NROOT,true,true
qwen3_5_397b_a17b:s41467-025-56283-1,qwen3_5_397b_a17b,s41467-025-56283-1,current_version,1.0,1.0,direct,dot/qwen3_5_397b_a17b/s41467-025-56283-1.dot,c0d1861c918ead9efebb01843d4add5f3ab55878da5771f2e7833db42e1e383d,6800,26,27,NROOT,true,true
qwen3_5_397b_a17b:s41467-025-56295-x,qwen3_5_397b_a17b,s41467-025-56295-x,current_version,1.0,1.0,materialized_curated_relocation,dot/qwen3_5_397b_a17b/s41467-025-56295-x.dot,41cc4fce17294b9a8bf1c15cccccb3cc3dc3cf87095928e83aa4b658186ca75d,11578,58,59,NROOT,true,true
qwen3_5_397b_a17b:s41467-025-56359-y,qwen3_5_397b_a17b,s41467-025-56359-y,current_version,1.0,1.0,materialized_curated_relocation,dot/qwen3_5_397b_a17b/s41467-025-56359-y.dot,3c3ac6bfe6c3e2d8ec43fe5e87d99355e06643b997e2c22f0e548312ef5b55ea,7485,26,32,NROOT,true,true
qwen3_5_397b_a17b:s41467-025-56394-9,qwen3_5_397b_a17b,s41467-025-56394-9,current_version,1.0,1.0,materialized_curated_relocation,dot/qwen3_5_397b_a17b/s41467-025-56394-9.dot,70c262d9543044a74849a42697a10d4d055cb340d144ec4adc00866349025819,3603,15,15,NROOT,true,true
qwen3_5_397b_a17b:s41467-025-56413-9,qwen3_5_397b_a17b,s41467-025-56413-9,current_version,1.0,1.0,materialized_curated_relocation,dot/qwen3_5_397b_a17b/s41467-025-56413-9.dot,87b11e7df936989c48051a99516b7bb43548d3ed2224ec330c29f0c980c7faa1,10585,47,48,NROOT,true,true
qwen3_5_397b_a17b:s41467-025-56522-5,qwen3_5_397b_a17b,s41467-025-56522-5,current_version,1.0,1.0,materialized_curated_relocation,dot/qwen3_5_397b_a17b/s41467-025-56522-5.dot,4daa959484e36bed2b14dd56625ac2777f2a561c24020707ebd1ee9c1dede61b,8473,31,35,NROOT,true,true
qwen3_5_397b_a17b:s41467-025-56609-z,qwen3_5_397b_a17b,s41467-025-56609-z,current_version,1.0,1.0,materialized_curated_relocation,dot/qwen3_5_397b_a17b/s41467-025-56609-z.dot,ab3b673e9d701e1ad2d5f23774828cfc318556d56298f66832dc91b554009386,7710,42,48,NROOT,true,true
qwen3_5_397b_a17b:s41467-025-56611-5,qwen3_5_397b_a17b,s41467-025-56611-5,current_version,1.0,1.0,materialized_curated_relocation,dot/qwen3_5_397b_a17b/s41467-025-56611-5.dot,bd1de86d94155a6d9ba93c30a24e1d6a97c9ef9cd55915bd661afb4aec655492,7213,37,36,NROOT,true,true
qwen3_5_397b_a17b:s41467-025-56616-0,qwen3_5_397b_a17b,s41467-025-56616-0,current_version,1.0,1.0,materialized_curated_relocation,dot/qwen3_5_397b_a17b/s41467-025-56616-0.dot,7dc257b87dedf529352626a8b10bfb7decd164e8d2f3bf68da60386d24d3d733,7603,40,39,NROOT,true,true
qwen3_5_397b_a17b:s41467-025-56618-y,qwen3_5_397b_a17b,s41467-025-56618-y,current_version,1.0,1.0,materialized_curated_relocation,dot/qwen3_5_397b_a17b/s41467-025-56618-y.dot,f16a301e93badb0f5296576df5b4d3798fe54b6ba3909f034ab3e7bd9570693b,9088,52,53,NROOT,true,true
qwen3_5_397b_a17b:s41467-025-56622-2,qwen3_5_397b_a17b,s41467-025-56622-2,current_version,1.0,1.0,direct,dot/qwen3_5_397b_a17b/s41467-025-56622-2.dot,7af1df045650197d3fca248beccf5f66697dfb57105b335f3b894908bbb1a0b3,3129,11,10,NROOT,true,true
qwen3_5_397b_a17b:s41467-025-56635-x,qwen3_5_397b_a17b,s41467-025-56635-x,current_version,1.0,1.0,direct,dot/qwen3_5_397b_a17b/s41467-025-56635-x.dot,6649bda87ca077c104a8d3b667195943fa2766f2b9b4bf15d31d02aaf46cf860,5492,26,25,NROOT,true,true
qwen3_5_397b_a17b:s41467-025-56641-z,qwen3_5_397b_a17b,s41467-025-56641-z,current_version,1.0,1.0,materialized_curated_relocation,dot/qwen3_5_397b_a17b/s41467-025-56641-z.dot,5bd9b66ee8f1f63d045de92e2b7e7666defa3f1b76d3206c340d39cf27e0f8ec,2245,8,7,NROOT,true,true
qwen3_5_397b_a17b:s41467-025-56657-5,qwen3_5_397b_a17b,s41467-025-56657-5,current_version,1.0,1.0,materialized_curated_relocation,dot/qwen3_5_397b_a17b/s41467-025-56657-5.dot,e0f98cfd706e851380af7eaa473ca2b4bd13de57aa45dd5de5d67e511902366c,6461,32,31,NROOT,true,true
qwen3_5_397b_a17b:s41467-025-56667-3,qwen3_5_397b_a17b,s41467-025-56667-3,current_version,1.0,1.0,materialized_curated_relocation,dot/qwen3_5_397b_a17b/s41467-025-56667-3.dot,824b94f2f72f63829aad10854d6df15c32936058bd84c96d6e8cebde0e728e1f,1925,8,7,NROOT,true,true
qwen3_5_397b_a17b:s41467-025-56697-x,qwen3_5_397b_a17b,s41467-025-56697-x,current_version,1.0,1.0,materialized_curated_relocation,dot/qwen3_5_397b_a17b/s41467-025-56697-x.dot,cafdc95572ba421dcb1ce04aee12f0897f47f9fb7ad0389a03b91ec4f13c4ad7,5601,25,26,NROOT,true,true
qwen3_5_397b_a17b:s41467-025-56698-w,qwen3_5_397b_a17b,s41467-025-56698-w,current_version,1.0,1.0,materialized_curated_relocation,dot/qwen3_5_397b_a17b/s41467-025-56698-w.dot,35584e837f9eb87687529e414dedc87047750b1cc1ccde2b25eb8759a33b1907,5273,25,27,NROOT,true,true
qwen3_5_397b_a17b:s41467-025-56722-z,qwen3_5_397b_a17b,s41467-025-56722-z,current_version,1.0,1.0,materialized_curated_relocation,dot/qwen3_5_397b_a17b/s41467-025-56722-z.dot,50ff3798d69940a4ac589c119e22fa650aca12f792e593f1b5bc957af65cc205,7672,31,31,NROOT,true,true
qwen3_5_397b_a17b:s41467-025-56724-x,qwen3_5_397b_a17b,s41467-025-56724-x,current_version,1.0,1.0,materialized_curated_relocation,dot/qwen3_5_397b_a17b/s41467-025-56724-x.dot,077613e140768365050733f3ae8fcc9c6475cb248a4b22cd0f6036dcf17b0ce1,7579,39,38,NROOT,true,true
qwen3_5_397b_a17b:s41467-025-56729-6,qwen3_5_397b_a17b,s41467-025-56729-6,current_version,1.0,1.0,materialized_curated_relocation,dot/qwen3_5_397b_a17b/s41467-025-56729-6.dot,22c756f49a87c04f29bd1770d5765fbcba485ce222d03dc7ff673362d4366eee,5468,23,22,NROOT,true,true
qwen3_5_397b_a17b:s41467-025-56732-x,qwen3_5_397b_a17b,s41467-025-56732-x,current_version,1.0,1.0,materialized_curated_relocation,dot/qwen3_5_397b_a17b/s41467-025-56732-x.dot,81afe29b94a955ccb4e68c5ad5e7f98601a227b21d467226226d342b3fc6a255,10555,52,53,NROOT,true,true
qwen3_5_397b_a17b:s41467-025-56734-9,qwen3_5_397b_a17b,s41467-025-56734-9,current_version,1.0,1.0,materialized_curated_relocation,dot/qwen3_5_397b_a17b/s41467-025-56734-9.dot,1766626514b3367509c342643f5d72704f0ad773a2342901e74b3ac3309f6b13,7658,42,42,NROOT,true,true
qwen3_5_397b_a17b:s41467-025-56738-5,qwen3_5_397b_a17b,s41467-025-56738-5,current_version,1.0,1.0,materialized_curated_relocation,dot/qwen3_5_397b_a17b/s41467-025-56738-5.dot,bd5afe0061c946871e7b71d9eda36e5d5c0d1d70f7b5f1f516dcd5a7aa1d64fe,14549,74,76,NROOT,true,true
qwen3_5_397b_a17b:s41467-025-56739-4,qwen3_5_397b_a17b,s41467-025-56739-4,current_version,1.0,1.0,materialized_curated_relocation,dot/qwen3_5_397b_a17b/s41467-025-56739-4.dot,fec241a74e12ddde880377b568e861c6c85262a763e81cf6d2e596dff707ff81,2077,9,9,NROOT,true,true
qwen3_5_397b_a17b:s41467-025-56751-8,qwen3_5_397b_a17b,s41467-025-56751-8,current_version,1.0,1.0,materialized_curated_relocation,dot/qwen3_5_397b_a17b/s41467-025-56751-8.dot,03750313680015dc28bd183f1e47af083e6a2f89e5aba2db4b3070454ac313ce,9168,45,49,NROOT,true,true
qwen3_5_397b_a17b:s41467-025-56757-2,qwen3_5_397b_a17b,s41467-025-56757-2,current_version,1.0,1.0,materialized_curated_relocation,dot/qwen3_5_397b_a17b/s41467-025-56757-2.dot,936d4d5fd06cc3dbfda8a3990326e09a013aa2a9d88b3bae84b3f03b6602cbe1,7893,37,36,NROOT,true,true
qwen3_5_397b_a17b:s41467-025-56761-6,qwen3_5_397b_a17b,s41467-025-56761-6,current_version,1.0,1.0,materialized_curated_relocation,dot/qwen3_5_397b_a17b/s41467-025-56761-6.dot,f893b9523febf87b2694ffa89ea319aa634a6ab91910a7d58d11925e6a581c05,1471,5,4,NROOT,true,true
qwen3_5_397b_a17b:s41467-025-56764-3,qwen3_5_397b_a17b,s41467-025-56764-3,current_version,1.0,1.0,materialized_curated_relocation,dot/qwen3_5_397b_a17b/s41467-025-56764-3.dot,c64488ef75fae674f937af1c3fc6826600086c444e7b8a89d77232aaa53fe50e,15483,84,87,NROOT,true,true
qwen3_5_397b_a17b:s41467-025-56765-2,qwen3_5_397b_a17b,s41467-025-56765-2,current_version,1.0,1.0,materialized_curated_relocation,dot/qwen3_5_397b_a17b/s41467-025-56765-2.dot,d50fcf7d3e131fde6a886a7a2b7c59b66d26b9ca38f73cab3a0170b965d83757,3338,17,16,NROOT,true,true
qwen3_5_397b_a17b:s41467-025-56769-y,qwen3_5_397b_a17b,s41467-025-56769-y,current_version,1.0,1.0,direct,dot/qwen3_5_397b_a17b/s41467-025-56769-y.dot,4fd7381b6a2f502dad4da8e2366dbee0d1a78df5be7a95a688510857f7816da1,2252,9,8,NROOT,true,true
qwen3_5_397b_a17b:s41467-025-56776-z,qwen3_5_397b_a17b,s41467-025-56776-z,current_version,1.0,1.0,materialized_curated_relocation,dot/qwen3_5_397b_a17b/s41467-025-56776-z.dot,997df9f8cc3be4886c04ab7f06fa90fbd0264606a8a1fb7abc9ee9a1698f4e79,3588,14,14,NROOT,true,true
qwen3_5_397b_a17b:s41467-025-56786-x,qwen3_5_397b_a17b,s41467-025-56786-x,current_version,1.0,1.0,materialized_curated_relocation,dot/qwen3_5_397b_a17b/s41467-025-56786-x.dot,680ad28434562f856c665a0335e328df96cb3ad5893c99d36ec962456b5235ab,10184,55,56,NROOT,true,true
qwen3_5_397b_a17b:s41467-025-56787-w,qwen3_5_397b_a17b,s41467-025-56787-w,current_version,1.0,1.0,materialized_curated_relocation,dot/qwen3_5_397b_a17b/s41467-025-56787-w.dot,c9f772e976f4badc18b86af6de541c7724bd81dca1a982dd12b90e661d56d004,9492,47,46,NROOT,true,true
qwen3_5_397b_a17b:s41467-025-56795-w,qwen3_5_397b_a17b,s41467-025-56795-w,current_version,1.0,1.0,direct,dot/qwen3_5_397b_a17b/s41467-025-56795-w.dot,6fa4f6c2660fe237b21a9f09ba9737a76b59a9824393d29881567c700686f323,2130,8,7,NROOT,true,true
qwen3_5_397b_a17b:s41467-025-56797-8,qwen3_5_397b_a17b,s41467-025-56797-8,current_version,1.0,1.0,materialized_curated_relocation,dot/qwen3_5_397b_a17b/s41467-025-56797-8.dot,08e02630a33e9d57c4b81085ad0075cbccd2b0d8ef71ef7ec6eaa879781cd518,9231,45,46,NROOT,true,true
qwen3_5_397b_a17b:s41467-025-56798-7,qwen3_5_397b_a17b,s41467-025-56798-7,current_version,1.0,1.0,materialized_curated_relocation,dot/qwen3_5_397b_a17b/s41467-025-56798-7.dot,938b0f35d32f9a30fd7e4b8a24e5ac9a045134b89c9313dde3266675d2b172b3,3230,14,13,NROOT,true,true
qwen3_5_397b_a17b:s41467-025-56799-6,qwen3_5_397b_a17b,s41467-025-56799-6,current_version,1.0,1.0,materialized_curated_relocation,dot/qwen3_5_397b_a17b/s41467-025-56799-6.dot,90e67b64b08df93fbf4a13ba4f4730daeb2cf4c3324623bacb2af05c9d7d7b8b,5538,26,26,NROOT,true,true
qwen3_5_397b_a17b:s41467-025-56814-w,qwen3_5_397b_a17b,s41467-025-56814-w,current_version,1.0,1.0,direct,dot/qwen3_5_397b_a17b/s41467-025-56814-w.dot,080014aba93ce5be6141eed3c9c02533622d67aa38deac9da5bf874ebcbe9301,3811,13,12,NROOT,true,true
qwen3_5_397b_a17b:s41467-025-56815-9,qwen3_5_397b_a17b,s41467-025-56815-9,current_version,1.0,1.0,materialized_curated_relocation,dot/qwen3_5_397b_a17b/s41467-025-56815-9.dot,b726701738619d603c9fd643c5ebebbd78fd9e57c10c4d327bc8e40aa798f720,6711,29,28,NROOT,true,true
qwen3_5_397b_a17b:s41467-025-56819-5,qwen3_5_397b_a17b,s41467-025-56819-5,current_version,1.0,1.0,materialized_curated_relocation,dot/qwen3_5_397b_a17b/s41467-025-56819-5.dot,36e07f9548fc1838175d150c2076cabac0b883bde525d0b890473367f926ebee,5010,23,24,NROOT,true,true
qwen3_5_397b_a17b:s41467-025-56821-x,qwen3_5_397b_a17b,s41467-025-56821-x,current_version,1.0,1.0,materialized_curated_relocation,dot/qwen3_5_397b_a17b/s41467-025-56821-x.dot,adce3e96aa0a55aab76f89a3e8b0cf7cde7289aaf862fbf4939312503703c2e6,5552,27,26,NROOT,true,true
qwen3_5_397b_a17b:s41467-025-56822-w,qwen3_5_397b_a17b,s41467-025-56822-w,current_version,1.0,1.0,direct,dot/qwen3_5_397b_a17b/s41467-025-56822-w.dot,65d1e396440abcd26280e54f9de311499cb37fe9e0e9332323c087b7f58bb95e,3133,11,10,NROOT,true,true
qwen3_5_397b_a17b:s41467-025-56842-6,qwen3_5_397b_a17b,s41467-025-56842-6,current_version,1.0,1.0,materialized_curated_relocation,dot/qwen3_5_397b_a17b/s41467-025-56842-6.dot,af6be99e3322ca6d414ef1c1bed8465e0943494dcd65c3a93596ee0d3106369f,8216,41,40,NROOT,true,true
qwen3_5_397b_a17b:s41467-025-56846-2,qwen3_5_397b_a17b,s41467-025-56846-2,current_version,1.0,1.0,materialized_curated_relocation,dot/qwen3_5_397b_a17b/s41467-025-56846-2.dot,6b0720973d23681d8ee2c86de3eb50b549178b8d0f7247a3f32d329a537bd2be,9798,60,59,NROOT,true,true
qwen3_5_397b_a17b:s41467-025-56850-6,qwen3_5_397b_a17b,s41467-025-56850-6,current_version,1.0,1.0,materialized_curated_relocation,dot/qwen3_5_397b_a17b/s41467-025-56850-6.dot,569aac7d90409d7c7c1f7ac301c387b932c03e930ba49ca8b84e374157f3beef,4699,26,25,NROOT,true,true
qwen3_5_397b_a17b:s41467-025-56852-4,qwen3_5_397b_a17b,s41467-025-56852-4,current_version,1.0,1.0,materialized_curated_relocation,dot/qwen3_5_397b_a17b/s41467-025-56852-4.dot,5a89d574deeb38ae4c200f40f4ce84cc8db9c95ac08b161421c74044a6c4ed70,8599,41,40,NROOT,true,true
qwen3_5_397b_a17b:s41467-025-56853-3,qwen3_5_397b_a17b,s41467-025-56853-3,current_version,1.0,1.0,materialized_curated_relocation,dot/qwen3_5_397b_a17b/s41467-025-56853-3.dot,8fce076efca78c023f015c94ff7c7b6126de057122568a5595424bc5758da93a,7330,38,38,NROOT,true,true
qwen3_5_397b_a17b:s41467-025-56856-0,qwen3_5_397b_a17b,s41467-025-56856-0,current_version,1.0,1.0,direct,dot/qwen3_5_397b_a17b/s41467-025-56856-0.dot,84bf479ebe6cacbab681760573ebf13ab56ed4653450767c89b325e4d9d6d743,7313,36,35,NROOT,true,true
qwen3_5_397b_a17b:s41467-025-56857-z,qwen3_5_397b_a17b,s41467-025-56857-z,current_version,1.0,1.0,materialized_curated_relocation,dot/qwen3_5_397b_a17b/s41467-025-56857-z.dot,387ac9cd04b354fa2489c2b5d1be74b87fe0b1293ac3f605ef62f1563f850b66,6837,38,40,NROOT,true,true
qwen3_5_397b_a17b:s41467-025-56858-y,qwen3_5_397b_a17b,s41467-025-56858-y,current_version,1.0,1.0,materialized_curated_relocation,dot/qwen3_5_397b_a17b/s41467-025-56858-y.dot,db2782114c63f9ca53ec3242741800524ea6302307ad897b2bea244b979aad90,3581,14,13,NROOT,true,true
qwen3_5_397b_a17b:s41467-025-56871-1,qwen3_5_397b_a17b,s41467-025-56871-1,current_version,1.0,1.0,materialized_curated_relocation,dot/qwen3_5_397b_a17b/s41467-025-56871-1.dot,d1073c0fb06189ac258cd284f4fe29f9d9d4294c47201031a56971cf8a1dcb49,18766,94,95,NROOT,true,true
qwen3_5_397b_a17b:s41467-025-56873-z,qwen3_5_397b_a17b,s41467-025-56873-z,current_version,1.0,1.0,materialized_curated_relocation,dot/qwen3_5_397b_a17b/s41467-025-56873-z.dot,e6e3afffc7d97f9c20ba3f5dfcde5d354f8f926e1d1b9bfd6d31ae9517017688,8824,46,45,NROOT,true,true
qwen3_5_397b_a17b:s41467-025-56877-9,qwen3_5_397b_a17b,s41467-025-56877-9,current_version,1.0,1.0,materialized_curated_relocation,dot/qwen3_5_397b_a17b/s41467-025-56877-9.dot,dbdeffccd86fa86d5dccd92b9500bd7ca21ee557ea0b658da33d0a17d2aceaca,8963,46,46,NROOT,true,true
qwen3_5_397b_a17b:s41467-025-56880-0,qwen3_5_397b_a17b,s41467-025-56880-0,current_version,1.0,1.0,materialized_curated_relocation,dot/qwen3_5_397b_a17b/s41467-025-56880-0.dot,f64d27004ad3073110cb3be40a1a45718c0fac4323c34cff0378c4871e61a21a,8831,44,52,NROOT,true,true
qwen3_5_397b_a17b:s41467-025-56882-y,qwen3_5_397b_a17b,s41467-025-56882-y,current_version,1.0,1.0,materialized_curated_relocation,dot/qwen3_5_397b_a17b/s41467-025-56882-y.dot,a97d1f080118796b22a3265d27120e944a691dd2999cc7810efa02767140b91a,3929,17,16,NROOT,true,true
qwen3_5_397b_a17b:s41467-025-56887-7,qwen3_5_397b_a17b,s41467-025-56887-7,current_version,1.0,1.0,materialized_curated_relocation,dot/qwen3_5_397b_a17b/s41467-025-56887-7.dot,169a98afa4cdea1c9c083250e7ebdaf5cefa123972c184404a6aa9da9b99b489,5686,29,28,NROOT,true,true
qwen3_5_397b_a17b:s41467-025-56897-5,qwen3_5_397b_a17b,s41467-025-56897-5,current_version,1.0,1.0,materialized_curated_relocation,dot/qwen3_5_397b_a17b/s41467-025-56897-5.dot,50cfd3ca2790a1d90cb7337cc2664cb50b9c6e7ad8060d23bd9ca89272010c46,9480,38,37,NROOT,true,true
qwen3_5_397b_a17b:s41467-025-56902-x,qwen3_5_397b_a17b,s41467-025-56902-x,current_version,1.0,1.0,materialized_curated_relocation,dot/qwen3_5_397b_a17b/s41467-025-56902-x.dot,73ca3dba128474a346e15a3fc88502283cc37a9e7e960167af0cfd97b94140e5,1449,5,4,NROOT,true,true
qwen3_5_397b_a17b:s41467-025-56912-9,qwen3_5_397b_a17b,s41467-025-56912-9,current_version,1.0,1.0,materialized_curated_relocation,dot/qwen3_5_397b_a17b/s41467-025-56912-9.dot,5c39a5ec348c685d78850b437436385f4cc07b85d4e134dafd5ceb2da53ed89b,7436,31,32,NROOT,true,true
qwen3_5_397b_a17b:s41467-025-56921-8,qwen3_5_397b_a17b,s41467-025-56921-8,current_version,1.0,1.0,materialized_curated_relocation,dot/qwen3_5_397b_a17b/s41467-025-56921-8.dot,2275b857eebf254bdf67dd740d38f70f97d8bbc00ca09d54616e07716c973475,2054,8,7,NROOT,true,true
qwen3_5_397b_a17b:s41467-025-56941-4,qwen3_5_397b_a17b,s41467-025-56941-4,current_version,1.0,1.0,materialized_curated_relocation,dot/qwen3_5_397b_a17b/s41467-025-56941-4.dot,c24af6d152aa9c41cbee142cd2e180a0c921ebffe371d3753fabdd9a8c57b0fb,5340,22,21,NROOT,true,true
qwen3_5_397b_a17b:s41467-025-56945-0,qwen3_5_397b_a17b,s41467-025-56945-0,current_version,1.0,1.0,materialized_curated_relocation,dot/qwen3_5_397b_a17b/s41467-025-56945-0.dot,fca554710c4be1f58fc087b11f1bde5f9475b074fcb27b121ed4cc65b99024ec,10130,51,50,NROOT,true,true
qwen3_5_397b_a17b:s41467-025-56992-7,qwen3_5_397b_a17b,s41467-025-56992-7,current_version,1.0,1.0,materialized_curated_relocation,dot/qwen3_5_397b_a17b/s41467-025-56992-7.dot,f6b5bf8f35a9806411db6b3c48de7912deebff0f604c1789ca7ab2803fb318ea,4759,25,24,NROOT,true,true
qwen3_5_397b_a17b:s41467-025-57012-4,qwen3_5_397b_a17b,s41467-025-57012-4,current_version,1.0,1.0,materialized_curated_relocation,dot/qwen3_5_397b_a17b/s41467-025-57012-4.dot,ce5a476611098218e504cda69ece99d2fca3acb562681fb382cca3065fd0bcba,11408,51,51,NROOT,true,true
